,0,1,2,3
******,0.0,0.0,0.0,0.0
"[5.0, 5.0, 35.0, 35.0]",0.0,0.0,0.0,0.0
"[5.0, 45.0, 35.0, 75.0]",0.0,0.0,0.0,0.0
"[5.0, 85.0, 35.0, 115.0]",0.0,0.0,0.0,0.0
"[45.0, 5.0, 75.0, 35.0]",0.0,0.0,0.0,0.0
"[45.0, 45.0, 75.0, 75.0]",0.0,0.0,-0.01,0.0
terminal,0.0,0.0,0.0,0.0
******,0.0,0.0,0.0,0.0
"[5.0, 5.0, 35.0, 35.0]",0.0,0.0,0.0,0.0
"[5.0, 45.0, 35.0, 75.0]",0.0,0.0,0.0,0.0
"[5.0, 85.0, 35.0, 115.0]",0.0,0.0,0.0,0.0
"[45.0, 5.0, 75.0, 35.0]",0.0,0.0,0.0,0.0
"[45.0, 45.0, 75.0, 75.0]",0.0,-0.01,-0.01,0.0
terminal,0.0,0.0,0.0,0.0
"[85.0, 5.0, 115.0, 35.0]",0.0,0.0,0.0,0.0
******,0.0,0.0,0.0,0.0
"[5.0, 5.0, 35.0, 35.0]",0.0,0.0,0.0,0.0
"[5.0, 45.0, 35.0, 75.0]",0.0,0.0,0.0,0.0
"[5.0, 85.0, 35.0, 115.0]",0.0,0.0,0.0,0.0
"[45.0, 5.0, 75.0, 35.0]",0.0,0.0,0.0,0.0
"[45.0, 45.0, 75.0, 75.0]",0.0,-0.01,-0.01,0.0
terminal,0.0,0.0,0.0,0.0
"[85.0, 5.0, 115.0, 35.0]",0.0,0.0,0.0,0.0
"[5.0, 125.0, 35.0, 155.0]",0.0,0.0,0.0,0.0
"[45.0, 125.0, 75.0, 155.0]",-0.01,0.0,0.0,0.0
******,0.0,0.0,0.0,0.0
"[5.0, 5.0, 35.0, 35.0]",0.0,0.0,0.0,0.0
"[5.0, 45.0, 35.0, 75.0]",0.0,0.0,0.0,0.0
"[5.0, 85.0, 35.0, 115.0]",0.0,0.0,-0.01,0.0
"[45.0, 5.0, 75.0, 35.0]",0.0,0.0,0.0,0.0
"[45.0, 45.0, 75.0, 75.0]",0.0,-0.01,-0.01,0.0
terminal,0.0,0.0,0.0,0.0
"[85.0, 5.0, 115.0, 35.0]",0.0,0.0,0.0,0.0
"[5.0, 125.0, 35.0, 155.0]",0.0,0.0,0.0,0.0
"[45.0, 125.0, 75.0, 155.0]",-0.01,0.0,0.0,0.0
******,0.0,0.0,0.0,0.0
"[5.0, 5.0, 35.0, 35.0]",0.0,0.0,0.0,0.0
"[5.0, 45.0, 35.0, 75.0]",0.0,0.0,0.0,0.0
"[5.0, 85.0, 35.0, 115.0]",0.0,0.0,-0.01,0.0
"[45.0, 5.0, 75.0, 35.0]",0.0,0.0,0.0,0.0
"[45.0, 45.0, 75.0, 75.0]",0.0,-0.01,-0.01,0.0
terminal,0.0,0.0,0.0,0.0
"[85.0, 5.0, 115.0, 35.0]",0.0,-0.01,0.0,0.0
"[5.0, 125.0, 35.0, 155.0]",0.0,0.0,0.0,0.0
"[45.0, 125.0, 75.0, 155.0]",-0.01,0.0,0.0,0.0
"[125.0, 5.0, 155.0, 35.0]",0.0,0.0,0.0,0.0
******,0.0,0.0,0.0,0.0
"[5.0, 5.0, 35.0, 35.0]",0.0,0.0,0.0,0.0
"[5.0, 45.0, 35.0, 75.0]",0.0,0.0,0.0,0.0
"[5.0, 85.0, 35.0, 115.0]",0.0,0.0,-0.01,0.0
"[45.0, 5.0, 75.0, 35.0]",0.0,0.0,0.0,0.0
"[45.0, 45.0, 75.0, 75.0]",0.0,-0.01,-0.01,0.0
terminal,0.0,0.0,0.0,0.0
"[85.0, 5.0, 115.0, 35.0]",0.0,-0.01,0.0,0.0
"[5.0, 125.0, 35.0, 155.0]",0.0,0.0,0.0,0.0
"[45.0, 125.0, 75.0, 155.0]",-0.01,0.0,0.0,0.0
"[125.0, 5.0, 155.0, 35.0]",0.0,0.0,0.0,0.0
"[125.0, 45.0, 155.0, 75.0]",0.0,0.0,0.0,-0.01
******,0.0,0.0,0.0,0.0
"[5.0, 5.0, 35.0, 35.0]",0.0,0.0,0.0,0.0
"[5.0, 45.0, 35.0, 75.0]",0.0,0.0,0.0,0.0
"[5.0, 85.0, 35.0, 115.0]",0.0,0.0,-0.01,0.0
"[45.0, 5.0, 75.0, 35.0]",0.0,0.0,0.0,0.0
"[45.0, 45.0, 75.0, 75.0]",0.0,-0.01,-0.01,0.0
terminal,0.0,0.0,0.0,0.0
"[85.0, 5.0, 115.0, 35.0]",0.0,-0.01,0.0,0.0
"[5.0, 125.0, 35.0, 155.0]",0.0,0.0,0.0,0.0
"[45.0, 125.0, 75.0, 155.0]",-0.01,0.0,0.0,0.0
"[125.0, 5.0, 155.0, 35.0]",0.0,0.0,0.0,0.0
"[125.0, 45.0, 155.0, 75.0]",0.0,0.0,0.0,-0.01
"[85.0, 125.0, 115.0, 155.0]",0.01,0.0,0.0,0.0
"[125.0, 125.0, 155.0, 155.0]",0.0,0.0,0.0,0.0
******,0.0,0.0,0.0,0.0
"[5.0, 5.0, 35.0, 35.0]",0.0,0.0,0.0,0.0
"[5.0, 45.0, 35.0, 75.0]",0.0,0.0,0.0,0.0
"[5.0, 85.0, 35.0, 115.0]",0.0,0.0,-0.01,0.0
"[45.0, 5.0, 75.0, 35.0]",0.0,0.0,0.0,0.0
"[45.0, 45.0, 75.0, 75.0]",0.0,-0.01,-0.01,0.0
terminal,0.0,0.0,0.0,0.0
"[85.0, 5.0, 115.0, 35.0]",0.0,-0.01,0.0,0.0
"[5.0, 125.0, 35.0, 155.0]",0.0,0.0,0.0,0.0
"[45.0, 125.0, 75.0, 155.0]",-0.01,0.0,9e-05,0.0
"[125.0, 5.0, 155.0, 35.0]",0.0,0.0,0.0,0.0
"[125.0, 45.0, 155.0, 75.0]",0.0,0.0,0.0,-0.01
"[85.0, 125.0, 115.0, 155.0]",0.0199,0.0,0.0,0.0
"[125.0, 125.0, 155.0, 155.0]",0.0,0.0,0.0,0.0
******,0.0,0.0,0.0,0.0
"[5.0, 5.0, 35.0, 35.0]",0.0,0.0,0.0,0.0
"[5.0, 45.0, 35.0, 75.0]",0.0,0.0,0.0,0.0
"[5.0, 85.0, 35.0, 115.0]",0.0,0.0,-0.01,0.0
"[45.0, 5.0, 75.0, 35.0]",0.0,0.0,0.0,0.0
"[45.0, 45.0, 75.0, 75.0]",0.0,-0.01,-0.01,0.0
terminal,0.0,0.0,0.0,0.0
"[85.0, 5.0, 115.0, 35.0]",0.0,-0.01,0.0,0.0
"[5.0, 125.0, 35.0, 155.0]",0.0,0.0,8.100000000000001e-07,0.0
"[45.0, 125.0, 75.0, 155.0]",-0.01,0.0,0.0002682,0.0
"[125.0, 5.0, 155.0, 35.0]",0.0,0.0,0.0,0.0
"[125.0, 45.0, 155.0, 75.0]",0.0,0.0,0.0,-0.01
"[85.0, 125.0, 115.0, 155.0]",0.029701,0.0,0.0,0.0
"[125.0, 125.0, 155.0, 155.0]",0.0,0.0,0.0,0.0
******,0.0,0.0,0.0,0.0
"[5.0, 5.0, 35.0, 35.0]",0.0,0.0,0.0,0.0
"[5.0, 45.0, 35.0, 75.0]",0.0,0.0,0.0,0.0
"[5.0, 85.0, 35.0, 115.0]",0.0,0.0,-0.01,0.0
"[45.0, 5.0, 75.0, 35.0]",0.0,0.0,0.0,0.0
"[45.0, 45.0, 75.0, 75.0]",0.0,-0.01,-0.01,0.0
terminal,0.0,0.0,0.0,0.0
"[85.0, 5.0, 115.0, 35.0]",0.0,-0.01,0.0,0.0
"[5.0, 125.0, 35.0, 155.0]",0.0,0.0,8.100000000000001e-07,0.0
"[45.0, 125.0, 75.0, 155.0]",-0.01,0.0,0.0002682,0.0
"[125.0, 5.0, 155.0, 35.0]",0.0,0.0,0.0,0.0
"[125.0, 45.0, 155.0, 75.0]",0.0,0.0,0.0,-0.01
"[85.0, 125.0, 115.0, 155.0]",0.03940399,0.0,0.0,0.0
"[125.0, 125.0, 155.0, 155.0]",0.0,0.0,0.0,0.000267309
"[125.0, 85.0, 155.0, 115.0]",0.0,0.0,0.0,0.0
******,0.0,0.0,0.0,0.0
"[5.0, 5.0, 35.0, 35.0]",0.0,0.0,0.0,0.0
"[5.0, 45.0, 35.0, 75.0]",0.0,0.0,0.0,0.0
"[5.0, 85.0, 35.0, 115.0]",0.0,7.290000000000002e-09,-0.01,0.0
"[45.0, 5.0, 75.0, 35.0]",0.0,0.0,0.0,0.0
"[45.0, 45.0, 75.0, 75.0]",0.0,-0.01,-0.01,0.0
terminal,0.0,0.0,0.0,0.0
"[85.0, 5.0, 115.0, 35.0]",0.0,-0.01,0.0,0.0
"[5.0, 125.0, 35.0, 155.0]",0.0,0.0,3.2157000000000004e-06,0.0
"[45.0, 125.0, 75.0, 155.0]",-0.01,0.0,0.0006201539100000001,0.0
"[125.0, 5.0, 155.0, 35.0]",0.0,0.0,0.0,0.0
"[125.0, 45.0, 155.0, 75.0]",0.0,0.0,0.0,-0.01
"[85.0, 125.0, 115.0, 155.0]",0.0490099501,0.0,0.0,0.0
"[125.0, 125.0, 155.0, 155.0]",0.0,0.0,0.0,0.000267309
"[125.0, 85.0, 155.0, 115.0]",0.0,0.0,0.0,0.0
******,0.0,0.0,0.0,0.0
"[5.0, 5.0, 35.0, 35.0]",0.0,0.0,0.0,0.0
"[5.0, 45.0, 35.0, 75.0]",0.0,0.0,0.0,0.0
"[5.0, 85.0, 35.0, 115.0]",0.0,7.290000000000002e-09,-0.01,0.0
"[45.0, 5.0, 75.0, 35.0]",0.0,0.0,0.0,0.0
"[45.0, 45.0, 75.0, 75.0]",0.0,-0.01,-0.01,0.0
terminal,0.0,0.0,0.0,0.0
"[85.0, 5.0, 115.0, 35.0]",0.0,-0.01,0.0,0.0
"[5.0, 125.0, 35.0, 155.0]",0.0,0.0,3.2157000000000004e-06,0.0
"[45.0, 125.0, 75.0, 155.0]",-0.01,0.0,0.0006201539100000001,0.0
"[125.0, 5.0, 155.0, 35.0]",0.0,0.0,0.0,0.0
"[125.0, 45.0, 155.0, 75.0]",0.0,0.0,0.0,-0.01
"[85.0, 125.0, 115.0, 155.0]",0.058519850599,0.0,0.0,0.0
"[125.0, 125.0, 155.0, 155.0]",0.0,0.0,0.0,0.0007057254609
"[125.0, 85.0, 155.0, 115.0]",0.0,2.4057810000000004e-06,0.0,0.0
******,0.0,0.0,0.0,0.0
"[5.0, 5.0, 35.0, 35.0]",0.0,0.0,0.0,0.0
"[5.0, 45.0, 35.0, 75.0]",0.0,6.561000000000002e-11,0.0,0.0
"[5.0, 85.0, 35.0, 115.0]",0.0,3.615840000000001e-08,-0.01,0.0
"[45.0, 5.0, 75.0, 35.0]",0.0,0.0,0.0,0.0
"[45.0, 45.0, 75.0, 75.0]",0.0,-0.01,-0.01,0.0
terminal,0.0,0.0,0.0,0.0
"[85.0, 5.0, 115.0, 35.0]",0.0,-0.01,0.0,0.0
"[5.0, 125.0, 35.0, 155.0]",0.0,0.0,8.764928190000001e-06,0.0
"[45.0, 125.0, 75.0, 155.0]",-0.01,0.0,0.0011406310262910002,0.0
"[125.0, 5.0, 155.0, 35.0]",0.0,0.0,0.0,0.0
"[125.0, 45.0, 155.0, 75.0]",0.0,0.0,0.0,-0.01
"[85.0, 125.0, 115.0, 155.0]",0.06793465209301,0.0,0.0,0.0
"[125.0, 125.0, 155.0, 155.0]",0.0,0.0,0.0,0.0007057254609
"[125.0, 85.0, 155.0, 115.0]",0.0,2.4057810000000004e-06,0.0,0.0
******,0.0,0.0,0.0,0.0
"[5.0, 5.0, 35.0, 35.0]",0.0,5.904900000000002e-13,0.0,0.0
"[5.0, 45.0, 35.0, 75.0]",0.0,3.903795000000001e-10,0.0,0.0
"[5.0, 85.0, 35.0, 115.0]",0.0,1.1468116971000003e-07,-0.01,0.0
"[45.0, 5.0, 75.0, 35.0]",0.0,0.0,0.0,0.0
"[45.0, 45.0, 75.0, 75.0]",0.0,-0.01,-0.01,0.0
terminal,0.0,0.0,0.0,0.0
"[85.0, 5.0, 115.0, 35.0]",0.0,-0.01,0.0,0.0
"[5.0, 125.0, 35.0, 155.0]",0.0,0.0,1.8942958144719004e-05,0.0
"[45.0, 125.0, 75.0, 155.0]",-0.01,0.0,0.0017406365848651802,0.0
"[125.0, 5.0, 155.0, 35.0]",0.0,0.0,0.0,0.0
"[125.0, 45.0, 155.0, 75.0]",0.0,0.0,0.0,-0.01
"[85.0, 125.0, 115.0, 155.0]",0.07725530557207991,0.0,0.0,0.0
"[125.0, 125.0, 155.0, 155.0]",0.0,0.0,0.0,0.0007057254609
"[125.0, 85.0, 155.0, 115.0]",0.0,2.4057810000000004e-06,0.0,0.0
******,0.0,0.0,0.0,0.0
"[5.0, 5.0, 35.0, 35.0]",0.0,4.098000600000001e-12,0.0,0.0
"[5.0, 45.0, 35.0, 75.0]",0.0,1.4186062323900005e-09,0.0,0.0
"[5.0, 85.0, 35.0, 115.0]",0.0,2.840209813153711e-07,-0.01,0.0
"[45.0, 5.0, 75.0, 35.0]",0.0,0.0,0.0,0.0
"[45.0, 45.0, 75.0, 75.0]",0.0,-0.01,-0.01,0.0
terminal,0.0,0.0,0.0,0.0
"[85.0, 5.0, 115.0, 35.0]",0.0,-0.01,0.0,0.0
"[5.0, 125.0, 35.0, 155.0]",0.0,0.0,3.441925782705843e-05,0.0
"[45.0, 125.0, 75.0, 155.0]",-0.01,0.0,0.002418527969165248,0.0
"[125.0, 5.0, 155.0, 35.0]",0.0,0.0,0.0,0.0
"[125.0, 45.0, 155.0, 75.0]",0.0,0.0,0.0,-0.01
"[85.0, 125.0, 115.0, 155.0]",0.0864827525163591,0.0,0.0,0.0
"[125.0, 125.0, 155.0, 155.0]",0.0,0.0,0.0,0.0007057254609
"[125.0, 85.0, 155.0, 115.0]",0.0,2.4057810000000004e-06,0.0,0.0
******,0.0,0.0,0.0,0.0
"[5.0, 5.0, 35.0, 35.0]",0.0,1.6824476685510005e-11,0.0,0.0
"[5.0, 45.0, 35.0, 75.0]",0.0,3.96060900190444e-09,0.0,0.0
"[5.0, 85.0, 35.0, 115.0]",0.0,5.909540919457434e-07,-0.01,0.0
"[45.0, 5.0, 75.0, 35.0]",0.0,0.0,0.0,0.0
"[45.0, 45.0, 75.0, 75.0]",0.0,-0.01,-0.01,0.0
terminal,0.0,0.0,0.0,0.0
"[85.0, 5.0, 115.0, 35.0]",0.0,-0.01,0.0,0.0
"[5.0, 125.0, 35.0, 155.0]",0.0,0.0,5.584181697127508e-05,0.0
"[45.0, 125.0, 75.0, 155.0]",-0.01,0.0,0.0031726874621208273,0.0
"[125.0, 5.0, 155.0, 35.0]",0.0,0.0,0.0,0.0
"[125.0, 45.0, 155.0, 75.0]",0.0,0.0,0.0,-0.01
"[85.0, 125.0, 115.0, 155.0]",0.09561792499119551,0.0,0.0,0.0
"[125.0, 125.0, 155.0, 155.0]",0.0,0.0,0.0,0.0007057254609
"[125.0, 85.0, 155.0, 115.0]",0.0,2.4057810000000004e-06,0.0,0.0
******,0.0,0.0,0.0,0.0
"[5.0, 5.0, 35.0, 35.0]",0.0,5.2301712935794864e-11,0.0,0.0
"[5.0, 45.0, 35.0, 75.0]",0.0,9.239589739397086e-09,0.0,0.0
"[5.0, 85.0, 35.0, 115.0]",0.0,1.0876209037677618e-06,-0.01,0.0
"[45.0, 5.0, 75.0, 35.0]",0.0,0.0,0.0,0.0
"[45.0, 45.0, 75.0, 75.0]",0.0,-0.01,-0.01,0.0
terminal,0.0,0.0,0.0,0.0
"[85.0, 5.0, 115.0, 35.0]",0.0,-0.01,0.0,0.0
"[5.0, 125.0, 35.0, 155.0]",0.0,0.0,8.383758596064978e-05,0.0
"[45.0, 125.0, 75.0, 155.0]",-0.01,0.0,0.004001521912420379,0.0
"[125.0, 5.0, 155.0, 35.0]",0.0,0.0,0.0,0.0
"[125.0, 45.0, 155.0, 75.0]",0.0,0.0,0.0,-0.01
"[85.0, 125.0, 115.0, 155.0]",0.10466174574128355,0.0,0.0,0.0
"[125.0, 125.0, 155.0, 155.0]",0.0,0.0,0.0,0.0007057254609
"[125.0, 85.0, 155.0, 115.0]",0.0,2.4057810000000004e-06,0.0,0.0
******,0.0,0.0,0.0,0.0
"[5.0, 5.0, 35.0, 35.0]",0.0,1.349350034610107e-10,0.0,0.0
"[5.0, 45.0, 35.0, 75.0]",0.0,1.8935781975912972e-08,0.0,0.0
"[5.0, 85.0, 35.0, 115.0]",0.0,1.8312829683759325e-06,-0.01,0.0
"[45.0, 5.0, 75.0, 35.0]",0.0,0.0,0.0,0.0
"[45.0, 45.0, 75.0, 75.0]",0.0,-0.01,-0.01,0.0
terminal,0.0,0.0,0.0,0.0
"[85.0, 5.0, 115.0, 35.0]",0.0,-0.01,0.0,0.0
"[5.0, 125.0, 35.0, 155.0]",0.0,0.0,0.0001190129073128267,0.0
"[45.0, 125.0, 75.0, 155.0]",-0.01,0.0,0.004903462404967727,0.0
"[125.0, 5.0, 155.0, 35.0]",0.0,0.0,0.0,0.0
"[125.0, 45.0, 155.0, 75.0]",0.0,0.0,0.0,-0.01
"[85.0, 125.0, 115.0, 155.0]",0.11361512828387071,0.0,0.0,0.0
"[125.0, 125.0, 155.0, 155.0]",0.0,0.0,0.0,0.0007057254609
"[125.0, 85.0, 155.0, 115.0]",0.0,2.4057810000000004e-06,0.0,0.0
******,0.0,0.0,0.0,0.0
"[5.0, 5.0, 35.0, 35.0]",0.0,3.0400769120961735e-10,0.0,0.0
"[5.0, 45.0, 35.0, 75.0]",0.0,3.522797087153724e-08,0.0,0.0
"[5.0, 85.0, 35.0, 115.0]",0.0,2.8840863045076136e-06,-0.01,0.0
"[45.0, 5.0, 75.0, 35.0]",0.0,0.0,0.0,0.0
"[45.0, 45.0, 75.0, 75.0]",0.0,-0.01,-0.01,0.0
terminal,0.0,0.0,0.0,0.0
"[85.0, 5.0, 115.0, 35.0]",0.0,-0.01,0.0,0.0
"[5.0, 125.0, 35.0, 155.0]",0.0,0.0,0.00016195393988440799,0.0
"[45.0, 125.0, 75.0, 155.0]",-0.01,0.0,0.005876963935472886,0.0
"[125.0, 5.0, 155.0, 35.0]",0.0,0.0,0.0,0.0
"[125.0, 45.0, 155.0, 75.0]",0.0,0.0,0.0,-0.01
"[85.0, 125.0, 115.0, 155.0]",0.12247897700103201,0.0,0.0,0.0
"[125.0, 125.0, 155.0, 155.0]",0.0,0.0,0.0,0.0007057254609
"[125.0, 85.0, 155.0, 115.0]",0.0,2.4057810000000004e-06,0.0,0.0
******,0.0,0.0,0.0,0.0
"[5.0, 5.0, 35.0, 35.0]",0.0,6.180193521413564e-10,0.0,0.0
"[5.0, 45.0, 35.0, 75.0]",0.0,6.083246790339039e-08,0.0,0.0
"[5.0, 85.0, 35.0, 115.0]",0.0,4.31283090042221e-06,-0.01,0.0
"[45.0, 5.0, 75.0, 35.0]",0.0,0.0,0.0,0.0
"[45.0, 45.0, 75.0, 75.0]",0.0,-0.01,-0.01,0.0
terminal,0.0,0.0,0.0,0.0
"[85.0, 5.0, 115.0, 35.0]",0.0,-0.01,0.0,0.0
"[5.0, 125.0, 35.0, 155.0]",0.0,0.0,0.0002132270759048199,0.0
"[45.0, 125.0, 75.0, 155.0]",-0.01,0.0,0.0069205050891274445,0.0
"[125.0, 5.0, 155.0, 35.0]",0.0,0.0,0.0,0.0
"[125.0, 45.0, 155.0, 75.0]",0.0,0.0,0.0,-0.01
"[85.0, 125.0, 115.0, 155.0]",0.1312541872310217,0.0,0.0,0.0
"[125.0, 125.0, 155.0, 155.0]",0.0,0.0,0.0,0.0007057254609
"[125.0, 85.0, 155.0, 115.0]",0.0,2.4057810000000004e-06,0.0,0.0
******,0.0,0.0,0.0,0.0
"[5.0, 5.0, 35.0, 35.0]",0.0,1.1593313697504562e-09,0.0,0.0
"[5.0, 45.0, 35.0, 75.0]",0.0,9.903962132815636e-08,0.0,0.0
"[5.0, 85.0, 35.0, 115.0]",0.0,6.1887462745613665e-06,-0.01,0.0
"[45.0, 5.0, 75.0, 35.0]",0.0,0.0,0.0,0.0
"[45.0, 45.0, 75.0, 75.0]",0.0,-0.01,-0.01,0.0
terminal,0.0,0.0,0.0,0.0
"[85.0, 5.0, 115.0, 35.0]",0.0,-0.01,0.0,0.0
"[5.0, 125.0, 35.0, 155.0]",0.0,0.0,0.0002733793509479187,0.0
"[45.0, 125.0, 75.0, 155.0]",-0.01,0.0,0.008032587723315365,0.0
"[125.0, 5.0, 155.0, 35.0]",0.0,0.0,0.0,0.0
"[125.0, 45.0, 155.0, 75.0]",0.0,0.0,0.0,-0.01
"[85.0, 125.0, 115.0, 155.0]",0.13994164535871148,0.0,0.0,0.0
"[125.0, 125.0, 155.0, 155.0]",0.0,0.0,0.0,0.0007057254609
"[125.0, 85.0, 155.0, 115.0]",0.0,2.4057810000000004e-06,0.0,0.0
******,0.0,0.0,0.0,0.0
"[5.0, 5.0, 35.0, 35.0]",0.0,2.0390946480063587e-09,0.0,0.0
"[5.0, 45.0, 35.0, 75.0]",0.0,1.537479415859271e-07,0.0,0.0
"[5.0, 85.0, 35.0, 115.0]",0.0,8.587272970347021e-06,-0.01,0.0
"[45.0, 5.0, 75.0, 35.0]",0.0,0.0,0.0,0.0
"[45.0, 45.0, 75.0, 75.0]",0.0,-0.01,-0.01,0.0
terminal,0.0,0.0,0.0,0.0
"[85.0, 5.0, 115.0, 35.0]",0.0,-0.01,0.0,0.0
"[5.0, 125.0, 35.0, 155.0]",0.0,0.0,0.0003429388469482778,0.0
"[45.0, 125.0, 75.0, 155.0]",-0.01,0.0,0.009211736654310614,0.0
"[125.0, 5.0, 155.0, 35.0]",0.0,0.0,0.0,0.0
"[125.0, 45.0, 155.0, 75.0]",0.0,0.0,0.0,-0.01
"[85.0, 125.0, 115.0, 155.0]",0.14854222890512436,0.0,0.0,0.0
"[125.0, 125.0, 155.0, 155.0]",0.0,0.0,0.0,0.0007057254609
"[125.0, 85.0, 155.0, 115.0]",0.0,2.4057810000000004e-06,0.0,0.0
******,0.0,0.0,0.0,0.0
"[5.0, 5.0, 35.0, 35.0]",0.0,3.402435175799639e-09,0.0,0.0
"[5.0, 45.0, 35.0, 75.0]",0.0,2.2949591890319102e-07,0.0,0.0
"[5.0, 85.0, 35.0, 115.0]",0.0,1.1587849863178051e-05,-0.01,0.0
"[45.0, 5.0, 75.0, 35.0]",0.0,0.0,0.0,0.0
"[45.0, 45.0, 75.0, 75.0]",0.0,-0.01,-0.01,0.0
terminal,0.0,0.0,0.0,0.0
"[85.0, 5.0, 115.0, 35.0]",0.0,-0.01,0.0,0.0
"[5.0, 125.0, 35.0, 155.0]",0.0,0.0,0.0004224150883675905,0.0
"[45.0, 125.0, 75.0, 155.0]",-0.01,0.0,0.010456499347913628,0.0
"[125.0, 5.0, 155.0, 35.0]",0.0,0.0,0.0,0.0
"[125.0, 45.0, 155.0, 75.0]",0.0,0.0,0.0,-0.01
"[85.0, 125.0, 115.0, 155.0]",0.15705680661607313,0.0,0.0,0.0
"[125.0, 125.0, 155.0, 155.0]",0.0,0.0,0.0,0.0007057254609
"[125.0, 85.0, 155.0, 115.0]",0.0,2.4057810000000004e-06,0.0,0.0
******,0.0,0.0,0.0,0.0
"[5.0, 5.0, 35.0, 35.0]",0.0,5.433874094170362e-09,0.0,0.0
"[5.0, 45.0, 35.0, 75.0]",0.0,3.314916084827616e-07,0.0,0.0
"[5.0, 85.0, 35.0, 115.0]",0.0,1.5273707159854584e-05,-0.01,0.0
"[45.0, 5.0, 75.0, 35.0]",0.0,0.0,0.0,0.0
"[45.0, 45.0, 75.0, 75.0]",0.0,-0.01,-0.01,0.0
terminal,0.0,0.0,0.0,0.0
"[85.0, 5.0, 115.0, 35.0]",0.0,-0.01,0.0,0.0
"[5.0, 125.0, 35.0, 155.0]",0.0,0.0,0.0005122994316151372,0.0
"[45.0, 125.0, 75.0, 155.0]",-0.01,0.0,0.01176544561397915,0.0
"[125.0, 5.0, 155.0, 35.0]",0.0,0.0,0.0,0.0
"[125.0, 45.0, 155.0, 75.0]",0.0,0.0,0.0,-0.01
"[85.0, 125.0, 115.0, 155.0]",0.1654862385499124,0.0,0.0,0.0
"[125.0, 125.0, 155.0, 155.0]",0.0,0.0,0.0,0.0007057254609
"[125.0, 85.0, 155.0, 115.0]",0.0,2.4057810000000004e-06,0.0,0.0
******,0.0,0.0,0.0,0.0
"[5.0, 5.0, 35.0, 35.0]",0.0,8.362959829573514e-09,0.0,0.0
"[5.0, 45.0, 35.0, 75.0]",0.0,4.656400568366252e-07,0.0,0.0
"[5.0, 85.0, 35.0, 115.0]",0.0,1.9731664972792272e-05,-0.01,0.0
"[45.0, 5.0, 75.0, 35.0]",0.0,0.0,0.0,0.0
"[45.0, 45.0, 75.0, 75.0]",0.0,-0.01,-0.01,0.0
terminal,0.0,0.0,0.0,0.0
"[85.0, 5.0, 115.0, 35.0]",0.0,-0.01,0.0,0.0
"[5.0, 125.0, 35.0, 155.0]",0.0,0.0,0.0006130654478247982,0.0
"[45.0, 125.0, 75.0, 155.0]",-0.01,0.0,0.01313716730478857,0.0
"[125.0, 5.0, 155.0, 35.0]",0.0,0.0,0.0,0.0
"[125.0, 45.0, 155.0, 75.0]",0.0,0.0,0.0,-0.01
"[85.0, 125.0, 115.0, 155.0]",0.17383137616441327,0.0,0.0,0.0
"[125.0, 125.0, 155.0, 155.0]",0.0,0.0,0.0,0.0007057254609
"[125.0, 85.0, 155.0, 115.0]",0.0,2.4057810000000004e-06,0.0,0.0
******,0.0,0.0,0.0,0.0
"[5.0, 5.0, 35.0, 35.0]",0.0,1.2470090742807407e-08,0.0,0.0
"[5.0, 45.0, 35.0, 75.0]",0.0,6.385686410233894e-07,0.0,0.0
"[5.0, 85.0, 35.0, 115.0]",0.0,2.5051937353487534e-05,-0.01,0.0
"[45.0, 5.0, 75.0, 35.0]",0.0,0.0,0.0,0.0
"[45.0, 45.0, 75.0, 75.0]",0.0,-0.01,-0.01,0.0
terminal,0.0,0.0,0.0,0.0
"[85.0, 5.0, 115.0, 35.0]",0.0,-0.01,0.0,0.0
"[5.0, 125.0, 35.0, 155.0]",0.0,0.0,0.0007251692990896473,0.0
"[45.0, 125.0, 75.0, 155.0]",-0.01,0.0,0.014570278017220403,0.0
"[125.0, 5.0, 155.0, 35.0]",0.0,0.0,0.0,0.0
"[125.0, 45.0, 155.0, 75.0]",0.0,0.0,0.0,-0.01
"[85.0, 125.0, 115.0, 155.0]",0.18209306240276912,0.0,0.0,0.0
"[125.0, 125.0, 155.0, 155.0]",0.0,0.0,0.0,0.0007057254609
"[125.0, 85.0, 155.0, 115.0]",0.0,2.4057810000000004e-06,0.0,0.0
******,0.0,0.0,0.0,0.0
"[5.0, 5.0, 35.0, 35.0]",0.0,1.8092507604589837e-08,0.0,0.0
"[5.0, 45.0, 35.0, 75.0]",0.0,8.576503907945434e-07,0.0,0.0
"[5.0, 85.0, 35.0, 115.0]",0.0,3.132794167175948e-05,-0.01,0.0
"[45.0, 5.0, 75.0, 35.0]",0.0,0.0,0.0,0.0
"[45.0, 45.0, 75.0, 75.0]",0.0,-0.01,-0.01,0.0
terminal,0.0,0.0,0.0,0.0
"[85.0, 5.0, 115.0, 35.0]",0.0,-0.01,0.0,0.0
"[5.0, 125.0, 35.0, 155.0]",0.0,0.0,0.0008490501082537344,0.0
"[45.0, 125.0, 75.0, 155.0]",-0.01,0.0,0.01606341279867312,0.0
"[125.0, 5.0, 155.0, 35.0]",0.0,0.0,0.0,0.0
"[125.0, 45.0, 155.0, 75.0]",0.0,0.0,0.0,-0.01
"[85.0, 125.0, 115.0, 155.0]",0.19027213177874144,0.0,0.0,0.0
"[125.0, 125.0, 155.0, 155.0]",0.0,0.0,0.0,0.0007057254609
"[125.0, 85.0, 155.0, 115.0]",0.0,2.4057810000000004e-06,0.0,0.0
******,0.0,0.0,0.0,0.0
"[5.0, 5.0, 35.0, 35.0]",0.0,2.563043604569483e-08,0.0,0.0
"[5.0, 45.0, 35.0, 75.0]",0.0,1.1310253619324332e-06,0.0,0.0
"[5.0, 85.0, 35.0, 115.0]",0.0,3.8656113229325497e-05,-0.01,0.0
"[45.0, 5.0, 75.0, 35.0]",0.0,0.0,0.0,0.0
"[45.0, 45.0, 75.0, 75.0]",0.0,-0.01,-0.01,0.0
terminal,0.0,0.0,0.0,0.0
"[85.0, 5.0, 115.0, 35.0]",0.0,-0.01,0.0,0.0
"[5.0, 125.0, 35.0, 155.0]",0.0,0.0,0.000985130322359255,0.0
"[45.0, 125.0, 75.0, 155.0]",-0.01,0.0,0.017615227856695063,0.0
"[125.0, 5.0, 155.0, 35.0]",0.0,0.0,0.0,0.0
"[125.0, 45.0, 155.0, 75.0]",0.0,0.0,0.0,-0.01
"[85.0, 125.0, 115.0, 155.0]",0.19836941046095402,0.0,0.0,0.0
"[125.0, 125.0, 155.0, 155.0]",0.0,0.0,0.0,0.0007057254609
"[125.0, 85.0, 155.0, 115.0]",0.0,2.4057810000000004e-06,0.0,0.0
******,0.0,0.0,0.0,0.0
"[5.0, 5.0, 35.0, 35.0]",0.0,3.555335994262978e-08,0.0,0.0
"[5.0, 45.0, 35.0, 75.0]",0.0,1.4676201273770385e-06,0.0,0.0
"[5.0, 85.0, 35.0, 115.0]",0.0,4.713572499826554e-05,-0.01,0.0
"[45.0, 5.0, 75.0, 35.0]",0.0,0.0,0.0,0.0
"[45.0, 45.0, 75.0, 75.0]",0.0,-0.01,-0.01,0.0
terminal,0.0,0.0,0.0,0.0
"[85.0, 5.0, 115.0, 35.0]",0.0,-0.01,0.0,0.0
"[5.0, 125.0, 35.0, 155.0]",0.0,0.0,0.001133816069845918,0.0
"[45.0, 125.0, 75.0, 155.0]",-0.01,0.0,0.019224400272276697,0.0
"[125.0, 5.0, 155.0, 35.0]",0.0,0.0,0.0,0.0
"[125.0, 45.0, 155.0, 75.0]",0.0,0.0,0.0,-0.01
"[85.0, 125.0, 115.0, 155.0]",0.20638571635634448,0.0,0.0,0.0
"[125.0, 125.0, 155.0, 155.0]",0.0,0.0,0.0,0.0007057254609
"[125.0, 85.0, 155.0, 115.0]",0.0,2.4057810000000004e-06,0.0,0.0
******,0.0,0.0,0.0,0.0
"[5.0, 5.0, 35.0, 35.0]",0.0,4.8406407489596833e-08,0.0,0.0
"[5.0, 45.0, 35.0, 75.0]",0.0,1.8771654510876579e-06,0.0,0.0
"[5.0, 85.0, 35.0, 115.0]",0.0,5.6868712376896145e-05,-0.01,0.0
"[45.0, 5.0, 75.0, 35.0]",0.0,0.0,0.0,0.0
"[45.0, 45.0, 75.0, 75.0]",0.0,-0.01,-0.01,0.0
terminal,0.0,0.0,0.0,0.0
"[85.0, 5.0, 115.0, 35.0]",0.0,-0.01,0.0,0.0
"[5.0, 125.0, 35.0, 155.0]",0.0,0.0,0.0012954975115979492,0.0
"[45.0, 125.0, 75.0, 155.0]",-0.01,0.0,0.02088962771676103,0.0
"[125.0, 5.0, 155.0, 35.0]",0.0,0.0,0.0,0.0
"[125.0, 45.0, 155.0, 75.0]",0.0,0.0,0.0,-0.01
"[85.0, 125.0, 115.0, 155.0]",0.21432185919278104,0.0,0.0,0.0
"[125.0, 125.0, 155.0, 155.0]",0.0,0.0,0.0,0.0007057254609
"[125.0, 85.0, 155.0, 115.0]",0.0,2.4057810000000004e-06,0.0,0.0
******,0.0,0.0,0.0,0.0
"[5.0, 5.0, 35.0, 35.0]",0.0,6.48168324744898e-08,0.0,0.0
"[5.0, 45.0, 35.0, 75.0]",0.0,2.3702122079688466e-06,0.0,0.0
"[5.0, 85.0, 35.0, 115.0]",0.0,6.795950285750873e-05,-0.01,0.0
"[45.0, 5.0, 75.0, 35.0]",0.0,0.0,0.0,0.0
"[45.0, 45.0, 75.0, 75.0]",0.0,-0.01,-0.01,0.0
terminal,0.0,0.0,0.0,0.0
"[85.0, 5.0, 115.0, 35.0]",0.0,-0.01,0.0,0.0
"[5.0, 125.0, 35.0, 155.0]",0.0,0.0,0.0014705491859328189,0.0
"[45.0, 125.0, 75.0, 155.0]",-0.01,0.0,0.02260962817232845,0.0
"[125.0, 5.0, 155.0, 35.0]",0.0,0.0,0.0,0.0
"[125.0, 45.0, 155.0, 75.0]",0.0,0.0,0.0,-0.01
"[85.0, 125.0, 115.0, 155.0]",0.22217864060085324,0.0,0.0,0.0
"[125.0, 125.0, 155.0, 155.0]",0.0,0.0,0.0,0.0007057254609
"[125.0, 85.0, 155.0, 115.0]",0.0,2.4057810000000004e-06,0.0,0.0
******,0.0,0.0,0.0,0.0
"[5.0, 5.0, 35.0, 35.0]",0.0,8.550057402146451e-08,0.0,0.0
"[5.0, 45.0, 35.0, 75.0]",0.0,2.9581456116067365e-06,0.0,0.0
"[5.0, 85.0, 35.0, 115.0]",0.0,8.051485050232901e-05,-0.01,0.0
"[45.0, 5.0, 75.0, 35.0]",0.0,0.0,0.0,0.0
"[45.0, 45.0, 75.0, 75.0]",0.0,-0.01,-0.01,0.0
terminal,0.0,0.0,0.0,0.0
"[85.0, 5.0, 115.0, 35.0]",0.0,-0.01,0.0,0.0
"[5.0, 125.0, 35.0, 155.0]",0.0,0.0,0.0016593303476244467,0.0
"[45.0, 125.0, 75.0, 155.0]",-0.01,0.0,0.024383139656012843,0.0
"[125.0, 5.0, 155.0, 35.0]",0.0,0.0,0.0,0.0
"[125.0, 45.0, 155.0, 75.0]",0.0,0.0,0.0,-0.01
"[85.0, 125.0, 115.0, 155.0]",0.2299568541948447,0.0,0.0,0.0
"[125.0, 125.0, 155.0, 155.0]",0.0,0.0,0.0,0.0007057254609
"[125.0, 85.0, 155.0, 115.0]",0.0,2.4057810000000004e-06,0.0,0.0
******,0.0,0.0,0.0,0.0
"[5.0, 5.0, 35.0, 35.0]",0.0,1.112688787857105e-07,0.0,0.0
"[5.0, 45.0, 35.0, 75.0]",0.0,3.65319781001163e-06,0.0,0.0
"[5.0, 85.0, 35.0, 115.0]",0.0,9.464367512592574e-05,-0.01,0.0
"[45.0, 5.0, 75.0, 35.0]",0.0,0.0,0.0,0.0
"[45.0, 45.0, 75.0, 75.0]",0.0,-0.01,-0.01,0.0
terminal,0.0,0.0,0.0,0.0
"[85.0, 5.0, 115.0, 35.0]",0.0,-0.01,0.0,0.0
"[5.0, 125.0, 35.0, 155.0]",0.0,0.0,0.0018621853010523178,0.0
"[45.0, 125.0, 75.0, 155.0]",-0.01,0.0,0.026208919947206318,0.0
"[125.0, 5.0, 155.0, 35.0]",0.0,0.0,0.0,0.0
"[125.0, 45.0, 155.0, 75.0]",0.0,0.0,0.0,-0.01
"[85.0, 125.0, 115.0, 155.0]",0.23765728565289626,0.0,0.0,0.0
"[125.0, 125.0, 155.0, 155.0]",0.0,0.0,0.0,0.0007057254609
"[125.0, 85.0, 155.0, 115.0]",0.0,2.4057810000000004e-06,0.0,0.0
******,0.0,0.0,0.0,0.0
"[5.0, 5.0, 35.0, 35.0]",0.0,1.4303497028795807e-07,0.0,0.0
"[5.0, 45.0, 35.0, 75.0]",0.0,4.468458908044845e-06,0.0,0.0
"[5.0, 85.0, 35.0, 115.0]",0.0,0.00011045690608413734,-0.01,0.0
"[45.0, 5.0, 75.0, 35.0]",0.0,0.0,0.0,0.0
"[45.0, 45.0, 75.0, 75.0]",0.0,-0.01,-0.01,0.0
terminal,0.0,0.0,0.0,0.0
"[85.0, 5.0, 115.0, 35.0]",0.0,-0.01,0.0,0.0
"[5.0, 125.0, 35.0, 155.0]",0.0,0.0,0.0020794437275666513,0.0
"[45.0, 125.0, 75.0, 155.0]",-0.01,0.0,0.02808574631861032,0.0
"[125.0, 5.0, 155.0, 35.0]",0.0,0.0,0.0,0.0
"[125.0, 45.0, 155.0, 75.0]",0.0,0.0,0.0,-0.01
"[85.0, 125.0, 115.0, 155.0]",0.2452807127963673,0.0,0.0,0.0
"[125.0, 125.0, 155.0, 155.0]",0.0,0.0,0.0,0.0007057254609
"[125.0, 85.0, 155.0, 115.0]",0.0,2.4057810000000004e-06,0.0,0.0
******,0.0,0.0,0.0,0.0
"[5.0, 5.0, 35.0, 35.0]",0.0,1.818207507574821e-07,0.0,0.0
"[5.0, 45.0, 35.0, 75.0]",0.0,5.417886473721633e-06,0.0,0.0
"[5.0, 85.0, 35.0, 115.0]",0.0,0.00012806733057139582,-0.01,0.0
"[45.0, 5.0, 75.0, 35.0]",0.0,0.0,0.0,0.0
"[45.0, 45.0, 75.0, 75.0]",0.0,-0.01,-0.01,0.0
terminal,0.0,0.0,0.0,0.0
"[85.0, 5.0, 115.0, 35.0]",0.0,-0.01,0.0,0.0
"[5.0, 125.0, 35.0, 155.0]",0.0,0.0,0.0023114210071584775,0.0
"[45.0, 125.0, 75.0, 155.0]",-0.01,0.0,0.030012415270591522,0.0
"[125.0, 5.0, 155.0, 35.0]",0.0,0.0,0.0,0.0
"[125.0, 45.0, 155.0, 75.0]",0.0,0.0,0.0,-0.01
"[85.0, 125.0, 115.0, 155.0]",0.25282790566840363,0.0,0.0,0.0
"[125.0, 125.0, 155.0, 155.0]",0.0,0.0,0.0,0.0007057254609
"[125.0, 85.0, 155.0, 115.0]",0.0,2.4057810000000004e-06,0.0,0.0
******,0.0,0.0,0.0,0.0
"[5.0, 5.0, 35.0, 35.0]",0.0,2.2876352151340197e-07,0.0,0.0
"[5.0, 45.0, 35.0, 75.0]",0.0,6.5163135841269795e-06,0.0,0.0
"[5.0, 85.0, 35.0, 115.0]",0.0,0.00014758944633010818,-0.01,0.0
"[45.0, 5.0, 75.0, 35.0]",0.0,0.0,0.0,0.0
"[45.0, 45.0, 75.0, 75.0]",0.0,-0.01,-0.01,0.0
terminal,0.0,0.0,0.0,0.0
"[85.0, 5.0, 115.0, 35.0]",0.0,-0.01,0.0,0.0
"[5.0, 125.0, 35.0, 155.0]",0.0,0.0,0.0025584185345222162,0.0
"[45.0, 125.0, 75.0, 155.0]",-0.01,0.0,0.03198774226890124,0.0
"[125.0, 5.0, 155.0, 35.0]",0.0,0.0,0.0,0.0
"[125.0, 45.0, 155.0, 75.0]",0.0,0.0,0.0,-0.01
"[85.0, 125.0, 115.0, 155.0]",0.26029962661171957,0.0,0.0,0.0
"[125.0, 125.0, 155.0, 155.0]",0.0,0.0,0.0,0.0007057254609
"[125.0, 85.0, 155.0, 115.0]",0.0,2.4057810000000004e-06,0.0,0.0
******,0.0,0.0,0.0,0.0
"[5.0, 5.0, 35.0, 35.0]",0.0,2.8512270855541076e-07,0.0,0.0
"[5.0, 45.0, 35.0, 75.0]",0.0,7.779455465256683e-06,0.0,0.0
"[5.0, 85.0, 35.0, 115.0]",0.0,0.00016913931867750705,-0.01,0.0
"[45.0, 5.0, 75.0, 35.0]",0.0,0.0,0.0,0.0
"[45.0, 45.0, 75.0, 75.0]",0.0,-0.01,-0.01,0.0
terminal,0.0,0.0,0.0,0.0
"[85.0, 5.0, 115.0, 35.0]",0.0,-0.01,0.0,0.0
"[5.0, 125.0, 35.0, 155.0]",0.0,0.0,0.0028207240295971053,0.0
"[45.0, 125.0, 75.0, 155.0]",-0.01,0.0,0.034010561485717704,0.0
"[125.0, 5.0, 155.0, 35.0]",0.0,0.0,0.0,0.0
"[125.0, 45.0, 155.0, 75.0]",0.0,0.0,0.0,-0.01
"[85.0, 125.0, 115.0, 155.0]",0.26769663034560237,0.0,0.0,0.0
"[125.0, 125.0, 155.0, 155.0]",0.0,0.0,0.0,0.0007057254609
"[125.0, 85.0, 155.0, 115.0]",0.0,2.4057810000000004e-06,0.0,0.0
******,0.0,0.0,0.0,0.0
"[5.0, 5.0, 35.0, 35.0]",0.0,3.522865806571668e-07,0.0,0.0
"[5.0, 45.0, 35.0, 75.0]",0.0,9.22391477870168e-06,0.0,0.0
"[5.0, 85.0, 35.0, 115.0]",0.0,0.00019283444175710593,-0.01,0.0
"[45.0, 5.0, 75.0, 35.0]",0.0,0.0,0.0,0.0
"[45.0, 45.0, 75.0, 75.0]",0.0,-0.01,-0.01,0.0
terminal,0.0,0.0,0.0,0.0
"[85.0, 5.0, 115.0, 35.0]",0.0,-0.01,0.0,0.0
"[5.0, 125.0, 35.0, 155.0]",0.0,0.0,0.0030986118426725934,0.0
"[45.0, 125.0, 75.0, 155.0]",-0.01,0.0,0.036079725543970945,0.0
"[125.0, 5.0, 155.0, 35.0]",0.0,0.0,0.0,0.0
"[125.0, 45.0, 155.0, 75.0]",0.0,0.0,0.0,-0.01
"[85.0, 125.0, 115.0, 155.0]",0.27501966404214634,0.0,0.0,0.0
"[125.0, 125.0, 155.0, 155.0]",0.0,0.0,0.0,0.0007057254609
"[125.0, 85.0, 155.0, 115.0]",0.0,2.4057810000000004e-06,0.0,0.0
******,0.0,0.0,0.0,0.0
"[5.0, 5.0, 35.0, 35.0]",0.0,4.317789478589102e-07,0.0,0.0
"[5.0, 45.0, 35.0, 75.0]",0.0,1.0867185606728616e-05,0.0,0.0
"[5.0, 85.0, 35.0, 115.0]",0.0,0.00021879360392358823,-0.01,0.0
"[45.0, 5.0, 75.0, 35.0]",0.0,0.0,0.0,0.0
"[45.0, 45.0, 75.0, 75.0]",0.0,-0.01,-0.01,0.0
terminal,0.0,0.0,0.0,0.0
"[85.0, 5.0, 115.0, 35.0]",0.0,-0.01,0.0,0.0
"[5.0, 125.0, 35.0, 155.0]",0.0,0.0,0.003392343254141606,0.0
"[45.0, 125.0, 75.0, 155.0]",-0.01,0.0,0.03819410526491055,0.0
"[125.0, 5.0, 155.0, 35.0]",0.0,0.0,0.0,0.0
"[125.0, 45.0, 155.0, 75.0]",0.0,0.0,0.0,-0.01
"[85.0, 125.0, 115.0, 155.0]",0.28226946740172487,0.0,0.0,0.0
"[125.0, 125.0, 155.0, 155.0]",0.0,0.0,0.0,0.0007057254609
"[125.0, 85.0, 155.0, 115.0]",0.0,2.4057810000000004e-06,0.0,0.0
******,0.0,0.0,0.0,0.0
"[5.0, 5.0, 35.0, 35.0]",0.0,5.252658288408786e-07,0.0,0.0
"[5.0, 45.0, 35.0, 75.0]",0.0,1.2727656185973624e-05,0.0,0.0
"[5.0, 85.0, 35.0, 115.0]",0.0,0.0002471367571716268,-0.01,0.0
"[45.0, 5.0, 75.0, 35.0]",0.0,0.0,0.0,0.0
"[45.0, 45.0, 75.0, 75.0]",0.0,-0.01,-0.01,0.0
terminal,0.0,0.0,0.0,0.0
"[85.0, 5.0, 115.0, 35.0]",0.0,-0.01,0.0,0.0
"[5.0, 125.0, 35.0, 155.0]",0.0,0.0,0.003702166768984385,0.0
"[45.0, 125.0, 75.0, 155.0]",-0.01,0.0,0.04035258941887697,0.0
"[125.0, 5.0, 155.0, 35.0]",0.0,0.0,0.0,0.0
"[125.0, 45.0, 155.0, 75.0]",0.0,0.0,0.0,-0.01
"[85.0, 125.0, 115.0, 155.0]",0.28944677272770764,0.0,0.0,0.0
"[125.0, 125.0, 155.0, 155.0]",0.0,0.0,0.0,0.0007057254609
"[125.0, 85.0, 155.0, 115.0]",0.0,2.4057810000000004e-06,0.0,0.0
******,0.0,0.0,0.0,0.0
"[5.0, 5.0, 35.0, 35.0]",0.0,6.345620762262324e-07,0.0,0.0
"[5.0, 45.0, 35.0, 75.0]",0.0,1.4824610438658529e-05,0.0,0.0
"[5.0, 85.0, 35.0, 115.0]",0.0,0.00027798489052076997,-0.01,0.0
"[45.0, 5.0, 75.0, 35.0]",0.0,0.0,0.0,0.0
"[45.0, 45.0, 75.0, 75.0]",0.0,-0.01,-0.01,0.0
terminal,0.0,0.0,0.0,0.0
"[85.0, 5.0, 115.0, 35.0]",0.0,-0.01,0.0,0.0
"[5.0, 125.0, 35.0, 155.0]",0.0,0.0,0.004028318406064434,0.0
"[45.0, 125.0, 75.0, 155.0]",-0.01,0.0,0.042554084479237565,0.0
"[125.0, 5.0, 155.0, 35.0]",0.0,0.0,0.0,0.0
"[125.0, 45.0, 155.0, 75.0]",0.0,0.0,0.0,-0.01
"[85.0, 125.0, 115.0, 155.0]",0.29655230500043056,0.0,0.0,0.0
"[125.0, 125.0, 155.0, 155.0]",0.0,0.0,0.0,0.0007057254609
"[125.0, 85.0, 155.0, 115.0]",0.0,2.4057810000000004e-06,0.0,0.0
******,0.0,0.0,0.0,0.0
"[5.0, 5.0, 35.0, 35.0]",0.0,7.616379494118968e-07,0.0,0.0
"[5.0, 45.0, 35.0, 75.0]",0.0,1.7178228348958873e-05,0.0,0.0
"[5.0, 85.0, 35.0, 115.0]",0.0,0.0003114599072701422,-0.01,0.0
"[45.0, 5.0, 75.0, 35.0]",0.0,0.0,0.0,0.0
"[45.0, 45.0, 75.0, 75.0]",0.0,-0.01,-0.01,0.0
terminal,0.0,0.0,0.0,0.0
"[85.0, 5.0, 115.0, 35.0]",0.0,-0.01,0.0,0.0
"[5.0, 125.0, 35.0, 155.0]",0.0,0.0,0.0043710219823169276,0.0
"[45.0, 125.0, 75.0, 155.0]",-0.01,0.0,0.044797514379449066,0.0
"[125.0, 5.0, 155.0, 35.0]",0.0,0.0,0.0,0.0
"[125.0, 45.0, 155.0, 75.0]",0.0,0.0,0.0,-0.01
"[85.0, 125.0, 115.0, 155.0]",0.30358678195042627,0.0,0.0,0.0
"[125.0, 125.0, 155.0, 155.0]",0.0,0.0,0.0,0.0007057254609
"[125.0, 85.0, 155.0, 115.0]",0.0,2.4057810000000004e-06,0.0,0.0
******,0.0,0.0,0.0,0.0
"[5.0, 5.0, 35.0, 35.0]",0.0,9.086256250584078e-07,0.0,0.0
"[5.0, 45.0, 35.0, 75.0]",0.0,1.9809585230900565e-05,0.0,0.0
"[5.0, 85.0, 35.0, 115.0]",0.0,0.0003476845060382931,-0.01,0.0
"[45.0, 5.0, 75.0, 35.0]",0.0,0.0,0.0,0.0
"[45.0, 45.0, 75.0, 75.0]",0.0,-0.01,-0.01,0.0
terminal,0.0,0.0,0.0,0.0
"[85.0, 5.0, 115.0, 35.0]",0.0,-0.01,0.0,0.0
"[5.0, 125.0, 35.0, 155.0]",0.0,0.0,0.0047304893919088,0.0
"[45.0, 125.0, 75.0, 155.0]",-0.01,0.0,0.04708182027320841,0.0
"[125.0, 5.0, 155.0, 35.0]",0.0,0.0,0.0,0.0
"[125.0, 45.0, 155.0, 75.0]",0.0,0.0,0.0,-0.01
"[85.0, 125.0, 115.0, 155.0]",0.310550914130922,0.0,0.0,0.0
"[125.0, 125.0, 155.0, 155.0]",0.0,0.0,0.0,0.0007057254609
"[125.0, 85.0, 155.0, 115.0]",0.0,2.4057810000000004e-06,0.0,0.0
******,0.0,0.0,0.0,0.0
"[5.0, 5.0, 35.0, 35.0]",0.0,1.0778256358859287e-06,0.0,0.0
"[5.0, 45.0, 35.0, 75.0]",0.0,2.2740649932936197e-05,0.0,0.0
"[5.0, 85.0, 35.0, 115.0]",0.0,0.0003867820655050894,-0.01,0.0
"[45.0, 5.0, 75.0, 35.0]",0.0,0.0,0.0,0.0
"[45.0, 45.0, 75.0, 75.0]",0.0,-0.01,-0.01,0.0
terminal,0.0,0.0,0.0,0.0
"[85.0, 5.0, 115.0, 35.0]",0.0,-0.01,0.0,0.0
"[5.0, 125.0, 35.0, 155.0]",0.0,0.0,0.005106920880448587,0.0
"[45.0, 125.0, 75.0, 155.0]",-0.01,0.0,0.04940596029765462,0.0
"[125.0, 5.0, 155.0, 35.0]",0.0,0.0,0.0,0.0
"[125.0, 45.0, 155.0, 75.0]",0.0,0.0,0.0,-0.01
"[85.0, 125.0, 115.0, 155.0]",0.31744540498961277,0.0,0.0,0.0
"[125.0, 125.0, 155.0, 155.0]",0.0,0.0,0.0,0.0007057254609
"[125.0, 85.0, 155.0, 115.0]",0.0,2.4057810000000004e-06,0.0,0.0
******,0.0,0.0,0.0,0.0
"[5.0, 5.0, 35.0, 35.0]",0.0,1.2717132289234952e-06,0.0,0.0
"[5.0, 45.0, 35.0, 75.0]",0.0,2.599428202315264e-05,0.0,0.0
"[5.0, 85.0, 35.0, 115.0]",0.0,0.00042887653277407574,-0.01,0.0
"[45.0, 5.0, 75.0, 35.0]",0.0,0.0,0.0,0.0
"[45.0, 45.0, 75.0, 75.0]",0.0,-0.01,-0.01,0.0
terminal,0.0,0.0,0.0,0.0
"[85.0, 5.0, 115.0, 35.0]",0.0,-0.01,0.0,0.0
"[5.0, 125.0, 35.0, 155.0]",0.0,0.0,0.005500505314322993,0.0
"[45.0, 125.0, 75.0, 155.0]",-0.01,0.0,0.05176890933958459,0.0
"[125.0, 5.0, 155.0, 35.0]",0.0,0.0,0.0,0.0
"[125.0, 45.0, 155.0, 75.0]",0.0,0.0,0.0,-0.01
"[85.0, 125.0, 115.0, 155.0]",0.32427095093971664,0.0,0.0,0.0
"[125.0, 125.0, 155.0, 155.0]",0.0,0.0,0.0,0.0007057254609
"[125.0, 85.0, 155.0, 115.0]",0.0,2.4057810000000004e-06,0.0,0.0
******,0.0,0.0,0.0,0.0
"[5.0, 5.0, 35.0, 35.0]",0.0,1.492944634842634e-06,0.0,0.0
"[5.0, 45.0, 35.0, 75.0]",0.0,2.9594227997887797e-05,0.0,0.0
"[5.0, 85.0, 35.0, 115.0]",0.0,0.0004740923152752419,-0.01,0.0
"[45.0, 5.0, 75.0, 35.0]",0.0,0.0,0.0,0.0
"[45.0, 45.0, 75.0, 75.0]",0.0,-0.01,-0.01,0.0
terminal,0.0,0.0,0.0,0.0
"[85.0, 5.0, 115.0, 35.0]",0.0,-0.01,0.0,0.0
"[5.0, 125.0, 35.0, 155.0]",0.0,0.0,0.005911420445236025,0.0
"[45.0, 125.0, 75.0, 155.0]",-0.01,0.0,0.05416965880464619,0.0
"[125.0, 5.0, 155.0, 35.0]",0.0,0.0,0.0,0.0
"[125.0, 45.0, 155.0, 75.0]",0.0,0.0,0.0,-0.01
"[85.0, 125.0, 115.0, 155.0]",0.33102824143031945,0.0,0.0,0.0
"[125.0, 125.0, 155.0, 155.0]",0.0,0.0,0.0,0.0007057254609
"[125.0, 85.0, 155.0, 115.0]",0.0,2.4057810000000004e-06,0.0,0.0
******,0.0,0.0,0.0,0.0
"[5.0, 5.0, 35.0, 35.0]",0.0,1.7443632404751978e-06,0.0,0.0
"[5.0, 45.0, 35.0, 75.0]",0.0,3.35651165553861e-05,0.0,0.0
"[5.0, 85.0, 35.0, 115.0]",0.0,0.0005225541761296137,-0.01,0.0
"[45.0, 5.0, 75.0, 35.0]",0.0,0.0,0.0,0.0
"[45.0, 45.0, 75.0, 75.0]",0.0,-0.01,-0.01,0.0
terminal,0.0,0.0,0.0,0.0
"[85.0, 5.0, 115.0, 35.0]",0.0,-0.01,0.0,0.0
"[5.0, 125.0, 35.0, 155.0]",0.0,0.0,0.00633983317002548,0.0
"[45.0, 125.0, 75.0, 155.0]",-0.01,0.0,0.05660721638947261,0.0
"[125.0, 5.0, 155.0, 35.0]",0.0,0.0,0.0,0.0
"[125.0, 45.0, 155.0, 75.0]",0.0,0.0,0.0,-0.01
"[85.0, 125.0, 115.0, 155.0]",0.33771795901601626,0.0,0.0,0.0
"[125.0, 125.0, 155.0, 155.0]",0.0,0.0,0.0,0.0007057254609
"[125.0, 85.0, 155.0, 115.0]",0.0,2.4057810000000004e-06,0.0,0.0
******,0.0,0.0,0.0,0.0
"[5.0, 5.0, 35.0, 35.0]",0.0,2.0290056570689206e-06,0.0,0.0
"[5.0, 45.0, 35.0, 75.0]",0.0,3.793245297499876e-05,0.0,0.0
"[5.0, 85.0, 35.0, 115.0]",0.0,0.0005743871328985469,-0.01,0.0
"[45.0, 5.0, 75.0, 35.0]",0.0,0.0,0.0,0.0
"[45.0, 45.0, 75.0, 75.0]",0.0,-0.01,-0.01,0.0
terminal,0.0,0.0,0.0,0.0
"[85.0, 5.0, 115.0, 35.0]",0.0,-0.01,0.0,0.0
"[5.0, 125.0, 35.0, 155.0]",0.0,0.0,0.0067858997858304786,0.0
"[45.0, 125.0, 75.0, 155.0]",-0.01,0.0,0.05908060585672203,0.0
"[125.0, 5.0, 155.0, 35.0]",0.0,0.0,0.0,0.0
"[125.0, 45.0, 155.0, 75.0]",0.0,0.0,0.0,-0.01
"[85.0, 125.0, 115.0, 155.0]",0.3443407794258561,0.0,0.0,0.0
"[125.0, 125.0, 155.0, 155.0]",0.0,0.0,0.0,0.0007057254609
"[125.0, 85.0, 155.0, 115.0]",0.0,2.4057810000000004e-06,0.0,0.0
******,0.0,0.0,0.0,0.0
"[5.0, 5.0, 35.0, 35.0]",0.0,2.35010767727322e-06,0.0,0.0
"[5.0, 45.0, 35.0, 75.0]",0.0,4.2722612641335695e-05,0.0,0.0
"[5.0, 85.0, 35.0, 115.0]",0.0,0.0006297163596420357,-0.01,0.0
"[45.0, 5.0, 75.0, 35.0]",0.0,0.0,0.0,0.0
"[45.0, 45.0, 75.0, 75.0]",0.0,-0.01,-0.01,0.0
terminal,0.0,0.0,0.0,0.0
"[85.0, 5.0, 115.0, 35.0]",0.0,-0.01,0.0,0.0
"[5.0, 125.0, 35.0, 155.0]",0.0,0.0,0.007249766240682672,0.0
"[45.0, 125.0, 75.0, 155.0]",-0.01,0.0,0.06158886681298751,0.0
"[125.0, 5.0, 155.0, 35.0]",0.0,0.0,0.0,0.0
"[125.0, 45.0, 155.0, 75.0]",0.0,0.0,0.0,-0.01
"[85.0, 125.0, 115.0, 155.0]",0.35089737163159757,0.0,0.0,0.0
"[125.0, 125.0, 155.0, 155.0]",0.0,0.0,0.0,0.0007057254609
"[125.0, 85.0, 155.0, 115.0]",0.0,2.4057810000000004e-06,0.0,0.0
******,0.0,0.0,0.0,0.0
"[5.0, 5.0, 35.0, 35.0]",0.0,2.7111101142725094e-06,0.0,0.0
"[5.0, 45.0, 35.0, 75.0]",0.0,4.796283375170066e-05,0.0,0.0
"[5.0, 85.0, 35.0, 115.0]",0.0,0.0006886670922117594,-0.01,0.0
"[45.0, 5.0, 75.0, 35.0]",0.0,0.0,0.0,0.0
"[45.0, 45.0, 75.0, 75.0]",0.0,-0.01,-0.01,0.0
terminal,0.0,0.0,0.0,0.0
"[85.0, 5.0, 115.0, 35.0]",0.0,-0.01,0.0,0.0
"[5.0, 125.0, 35.0, 155.0]",0.0,0.0,0.007731568379592733,0.0
"[45.0, 125.0, 75.0, 155.0]",-0.01,0.0,0.06413105448954201,0.0
"[125.0, 5.0, 155.0, 35.0]",0.0,0.0,0.0,0.0
"[125.0, 45.0, 155.0, 75.0]",0.0,0.0,0.0,-0.01
"[85.0, 125.0, 115.0, 155.0]",0.3573883979152816,0.0,0.0,0.0
"[125.0, 125.0, 155.0, 155.0]",0.0,0.0,0.0,0.0007057254609
"[125.0, 85.0, 155.0, 115.0]",0.0,2.4057810000000004e-06,0.0,0.0
******,0.0,0.0,0.0,0.0
"[5.0, 5.0, 35.0, 35.0]",0.0,3.1156645168950903e-06,0.0,0.0
"[5.0, 45.0, 35.0, 75.0]",0.0,5.368120924408949e-05,0.0,0.0
"[5.0, 85.0, 35.0, 115.0]",0.0,0.0007513645367059765,-0.01,0.0
"[45.0, 5.0, 75.0, 35.0]",0.0,0.0,0.0,0.0
"[45.0, 45.0, 75.0, 75.0]",0.0,-0.01,-0.01,0.0
terminal,0.0,0.0,0.0,0.0
"[85.0, 5.0, 115.0, 35.0]",0.0,-0.01,0.0,0.0
"[5.0, 125.0, 35.0, 155.0]",0.0,0.0,0.008231432186202684,0.0
"[45.0, 125.0, 75.0, 155.0]",-0.01,0.0,0.06670623952588413,0.0
"[125.0, 5.0, 155.0, 35.0]",0.0,0.0,0.0,0.0
"[125.0, 45.0, 155.0, 75.0]",0.0,0.0,0.0,-0.01
"[85.0, 125.0, 115.0, 155.0]",0.3638145139361288,0.0,0.0,0.0
"[125.0, 125.0, 155.0, 155.0]",0.0,0.0,0.0,0.0007057254609
"[125.0, 85.0, 155.0, 115.0]",0.0,2.4057810000000004e-06,0.0,0.0
******,0.0,0.0,0.0,0.0
"[5.0, 5.0, 35.0, 35.0]",0.0,3.567638754922945e-06,0.0,0.0
"[5.0, 45.0, 35.0, 75.0]",0.0,5.9906677982002386e-05,0.0,0.0
"[5.0, 85.0, 35.0, 115.0]",0.0,0.0008179337810147408,-0.01,0.0
"[45.0, 5.0, 75.0, 35.0]",0.0,0.0,0.0,0.0
"[45.0, 45.0, 75.0, 75.0]",0.0,-0.01,-0.01,0.0
terminal,0.0,0.0,0.0,0.0
"[85.0, 5.0, 115.0, 35.0]",0.0,-0.01,0.0,0.0
"[5.0, 125.0, 35.0, 155.0]",0.0,0.0,0.008749474020073615,0.0
"[45.0, 125.0, 75.0, 155.0]",-0.01,0.0,0.06931350775605044,0.0
"[125.0, 5.0, 155.0, 35.0]",0.0,0.0,0.0,0.0
"[125.0, 45.0, 155.0, 75.0]",0.0,0.0,0.0,-0.01
"[85.0, 125.0, 115.0, 155.0]",0.3701763687967675,0.0,0.0,0.0
"[125.0, 125.0, 155.0, 155.0]",0.0,0.0,0.0,0.0007057254609
"[125.0, 85.0, 155.0, 115.0]",0.0,2.4057810000000004e-06,0.0,0.0
******,0.0,0.0,0.0,0.0
"[5.0, 5.0, 35.0, 35.0]",0.0,4.071122469211737e-06,0.0,0.0
"[5.0, 45.0, 35.0, 75.0]",0.0,6.666901523131502e-05,0.0,0.0
"[5.0, 85.0, 35.0, 115.0]",0.0,0.0008884997093852559,-0.01,0.0
"[45.0, 5.0, 75.0, 35.0]",0.0,0.0,0.0,0.0
"[45.0, 45.0, 75.0, 75.0]",0.0,-0.01,-0.01,0.0
terminal,0.0,0.0,0.0,0.0
"[85.0, 5.0, 115.0, 35.0]",0.0,-0.01,0.0,0.0
"[5.0, 125.0, 35.0, 155.0]",0.0,0.0,0.009285800849677332,0.0
"[45.0, 125.0, 75.0, 155.0]",-0.01,0.0,0.07195195999766084,0.0
"[125.0, 5.0, 155.0, 35.0]",0.0,0.0,0.0,0.0
"[125.0, 45.0, 155.0, 75.0]",0.0,0.0,0.0,-0.01
"[85.0, 125.0, 115.0, 155.0]",0.3764746051087998,0.0,0.0,0.0
"[125.0, 125.0, 155.0, 155.0]",0.0,0.0,0.0,0.0007057254609
"[125.0, 85.0, 155.0, 115.0]",0.0,2.4057810000000004e-06,0.0,0.0
******,0.0,0.0,0.0,0.0
"[5.0, 5.0, 35.0, 35.0]",0.0,4.630432381601455e-06,0.0,0.0
"[5.0, 45.0, 35.0, 75.0]",0.0,7.399882246346918e-05,0.0,0.0
"[5.0, 85.0, 35.0, 115.0]",0.0,0.0009631869199384993,-0.01,0.0
"[45.0, 5.0, 75.0, 35.0]",0.0,0.0,0.0,0.0
"[45.0, 45.0, 75.0, 75.0]",0.0,-0.01,-0.01,0.0
terminal,0.0,0.0,0.0,0.0
"[85.0, 5.0, 115.0, 35.0]",0.0,-0.01,0.0,0.0
"[5.0, 125.0, 35.0, 155.0]",0.0,0.0,0.009840510481159507,0.0
"[45.0, 125.0, 75.0, 155.0]",-0.01,0.0,0.07462071184366342,0.0
"[125.0, 5.0, 155.0, 35.0]",0.0,0.0,0.0,0.0
"[125.0, 45.0, 155.0, 75.0]",0.0,0.0,0.0,-0.01
"[85.0, 125.0, 115.0, 155.0]",0.3827098590577118,0.0,0.0,0.0
"[125.0, 125.0, 155.0, 155.0]",0.0,0.0,0.0,0.0007057254609
"[125.0, 85.0, 155.0, 115.0]",0.0,2.4057810000000004e-06,0.0,0.0
******,0.0,0.0,0.0,0.0
"[5.0, 5.0, 35.0, 35.0]",0.0,5.2501174599566626e-06,0.0,0.0
"[5.0, 45.0, 35.0, 75.0]",0.0,8.192751651828098e-05,0.0,0.0
"[5.0, 85.0, 35.0, 115.0]",0.0,0.0010421196450695498,-0.01,0.0
"[45.0, 5.0, 75.0, 35.0]",0.0,0.0,0.0,0.0
"[45.0, 45.0, 75.0, 75.0]",0.0,-0.01,-0.01,0.0
terminal,0.0,0.0,0.0,0.0
"[85.0, 5.0, 115.0, 35.0]",0.0,-0.01,0.0,0.0
"[5.0, 125.0, 35.0, 155.0]",0.0,0.0,0.010413691782940881,0.0
"[45.0, 125.0, 75.0, 155.0]",-0.01,0.0,0.0773188934567462,0.0
"[125.0, 5.0, 155.0, 35.0]",0.0,0.0,0.0,0.0
"[125.0, 45.0, 155.0, 75.0]",0.0,0.0,0.0,-0.01
"[85.0, 125.0, 115.0, 155.0]",0.3888827604671347,0.0,0.0,0.0
"[125.0, 125.0, 155.0, 155.0]",0.0,0.0,0.0,0.0007057254609
"[125.0, 85.0, 155.0, 115.0]",0.0,2.4057810000000004e-06,0.0,0.0
******,0.0,0.0,0.0,0.0
"[5.0, 5.0, 35.0, 35.0]",0.0,5.9349639340216245e-06,0.0,0.0
"[5.0, 45.0, 35.0, 75.0]",0.0,9.048731815872411e-05,0.0,0.0
"[5.0, 85.0, 35.0, 115.0]",0.0,0.0011254216746653222,-0.01,0.0
"[45.0, 5.0, 75.0, 35.0]",0.0,0.0,0.0,0.0
"[45.0, 45.0, 75.0, 75.0]",0.0,-0.01,-0.01,0.0
terminal,0.0,0.0,0.0,0.0
"[85.0, 5.0, 115.0, 35.0]",0.0,-0.01,0.0,0.0
"[5.0, 125.0, 35.0, 155.0]",0.0,0.0,0.011005424906222189,0.0
"[45.0, 125.0, 75.0, 155.0]",-0.01,0.0,0.08004564936638295,0.0
"[125.0, 5.0, 155.0, 35.0]",0.0,0.0,0.0,0.0
"[125.0, 45.0, 155.0, 75.0]",0.0,0.0,0.0,-0.01
"[85.0, 125.0, 115.0, 155.0]",0.39499393286246337,0.0,0.0,0.0
"[125.0, 125.0, 155.0, 155.0]",0.0,0.0,0.0,0.0007057254609
"[125.0, 85.0, 155.0, 115.0]",0.0,2.4057810000000004e-06,0.0,0.0
******,0.0,0.0,0.0,0.0
"[5.0, 5.0, 35.0, 35.0]",0.0,6.690000158109926e-06,0.0,0.0
"[5.0, 45.0, 35.0, 75.0]",0.0,9.971124004912478e-05,0.0,0.0
"[5.0, 85.0, 35.0, 115.0]",0.0,0.0012132162820746688,-0.01,0.0
"[45.0, 5.0, 75.0, 35.0]",0.0,0.0,0.0,0.0
"[45.0, 45.0, 75.0, 75.0]",0.0,-0.01,-0.01,0.0
terminal,0.0,0.0,0.0,0.0
"[85.0, 5.0, 115.0, 35.0]",0.0,-0.01,0.0,0.0
"[5.0, 125.0, 35.0, 155.0]",0.0,0.0,0.011615781501457414,0.0
"[45.0, 125.0, 75.0, 155.0]",-0.01,0.0,0.08280013826848129,0.0
"[125.0, 5.0, 155.0, 35.0]",0.0,0.0,0.0,0.0
"[125.0, 45.0, 155.0, 75.0]",0.0,0.0,0.0,-0.01
"[85.0, 125.0, 115.0, 155.0]",0.40104399353383874,0.0,0.0,0.0
"[125.0, 125.0, 155.0, 155.0]",0.0,0.0,0.0,0.0007057254609
"[125.0, 85.0, 155.0, 115.0]",0.0,2.4057810000000004e-06,0.0,0.0
******,0.0,0.0,0.0,0.0
"[5.0, 5.0, 35.0, 35.0]",0.0,7.520501316970949e-06,0.0,0.0
"[5.0, 45.0, 35.0, 75.0]",0.0,0.00010963307418730555,0.0,0.0
"[5.0, 85.0, 35.0, 115.0]",0.0,0.0013056261527670389,-0.01,0.0
"[45.0, 5.0, 75.0, 35.0]",0.0,0.0,0.0,0.0
"[45.0, 45.0, 75.0, 75.0]",0.0,-0.01,-0.01,0.0
terminal,0.0,0.0,0.0,0.0
"[85.0, 5.0, 115.0, 35.0]",0.0,-0.01,0.0,0.0
"[5.0, 125.0, 35.0, 155.0]",0.0,0.0,0.012244824930859172,0.0
"[45.0, 125.0, 75.0, 155.0]",-0.01,0.0,0.08558153282760102,0.0
"[125.0, 5.0, 155.0, 35.0]",0.0,0.0,0.0,0.0
"[125.0, 45.0, 155.0, 75.0]",0.0,0.0,0.0,-0.01
"[85.0, 125.0, 115.0, 155.0]",0.40703355359850035,0.0,0.0,0.0
"[125.0, 125.0, 155.0, 155.0]",0.0,0.0,0.0,0.0007057254609
"[125.0, 85.0, 155.0, 115.0]",0.0,2.4057810000000004e-06,0.0,0.0
******,0.0,0.0,0.0,0.0
"[5.0, 5.0, 35.0, 35.0]",0.0,8.431993971486989e-06,0.0,0.0
"[5.0, 45.0, 35.0, 75.0]",0.0,0.00012028737882033584,0.0,0.0
"[5.0, 85.0, 35.0, 115.0]",0.0,0.001402773315617101,-0.01,0.0
"[45.0, 5.0, 75.0, 35.0]",0.0,0.0,0.0,0.0
"[45.0, 45.0, 75.0, 75.0]",0.0,-0.01,-0.01,0.0
terminal,0.0,0.0,0.0,0.0
"[85.0, 5.0, 115.0, 35.0]",0.0,-0.01,0.0,0.0
"[5.0, 125.0, 35.0, 155.0]",0.0,0.0,0.01289261047699899,0.0
"[45.0, 125.0, 75.0, 155.0]",-0.01,0.0,0.08838901948171152,0.0
"[125.0, 5.0, 155.0, 35.0]",0.0,0.0,0.0,0.0
"[125.0, 45.0, 155.0, 75.0]",0.0,0.0,0.0,-0.01
"[85.0, 125.0, 115.0, 155.0]",0.41296321806251535,0.0,0.0,0.0
"[125.0, 125.0, 155.0, 155.0]",0.0,0.0,0.0,0.0007057254609
"[125.0, 85.0, 155.0, 115.0]",0.0,2.4057810000000004e-06,0.0,0.0
******,0.0,0.0,0.0,0.0
"[5.0, 5.0, 35.0, 35.0]",0.0,9.430260441155143e-06,0.0,0.0
"[5.0, 45.0, 35.0, 75.0]",0.0,0.0001317094648726864,0.0,0.0
"[5.0, 85.0, 35.0, 115.0]",0.0,0.0015047790767539209,-0.01,0.0
"[45.0, 5.0, 75.0, 35.0]",0.0,0.0,0.0,0.0
"[45.0, 45.0, 75.0, 75.0]",0.0,-0.01,-0.01,0.0
terminal,0.0,0.0,0.0,0.0
"[85.0, 5.0, 115.0, 35.0]",0.0,-0.01,0.0,0.0
"[5.0, 125.0, 35.0, 155.0]",0.0,0.0,0.013559185547564403,0.0
"[45.0, 125.0, 75.0, 155.0]",-0.01,0.0,0.09122179824945705,0.0
"[125.0, 5.0, 155.0, 35.0]",0.0,0.0,0.0,0.0
"[125.0, 45.0, 155.0, 75.0]",0.0,0.0,0.0,-0.01
"[85.0, 125.0, 115.0, 155.0]",0.4188335858818902,0.0,0.0,0.0
"[125.0, 125.0, 155.0, 155.0]",0.0,0.0,0.0,0.0007057254609
"[125.0, 85.0, 155.0, 115.0]",0.0,2.4057810000000004e-06,0.0,0.0
******,0.0,0.0,0.0,0.0
"[5.0, 5.0, 35.0, 35.0]",0.0,1.0521343020597769e-05,0.0,0.0
"[5.0, 45.0, 35.0, 75.0]",0.0,0.00014393538191474482,0.0,0.0
"[5.0, 85.0, 35.0, 115.0]",0.0,0.0016117639559144613,-0.01,0.0
"[45.0, 5.0, 75.0, 35.0]",0.0,0.0,0.0,0.0
"[45.0, 45.0, 75.0, 75.0]",0.0,-0.01,-0.01,0.0
terminal,0.0,0.0,0.0,0.0
"[85.0, 5.0, 115.0, 35.0]",0.0,-0.01,0.0,0.0
"[5.0, 125.0, 35.0, 155.0]",0.0,0.0,0.014244589876333872,0.0
"[45.0, 125.0, 75.0, 155.0]",-0.01,0.0,0.09407908253989948,0.0
"[125.0, 5.0, 155.0, 35.0]",0.0,0.0,0.0,0.0
"[125.0, 45.0, 155.0, 75.0]",0.0,0.0,0.0,-0.01
"[85.0, 125.0, 115.0, 155.0]",0.4246452500230713,0.0,0.0,0.0
"[125.0, 125.0, 155.0, 155.0]",0.0,0.0,0.0,0.0007057254609
"[125.0, 85.0, 155.0, 115.0]",0.0,2.4057810000000004e-06,0.0,0.0
******,0.0,0.0,0.0,0.0
"[5.0, 5.0, 35.0, 35.0]",0.0,1.1711548027624495e-05,0.0,0.0
"[5.0, 45.0, 35.0, 75.0]",0.0,0.00015700190369882753,0.0,0.0
"[5.0, 85.0, 35.0, 115.0]",0.0,0.0017238476252423216,-0.01,0.0
"[45.0, 5.0, 75.0, 35.0]",0.0,0.0,0.0,0.0
"[45.0, 45.0, 75.0, 75.0]",0.0,-0.01,-0.01,0.0
terminal,0.0,0.0,0.0,0.0
"[85.0, 5.0, 115.0, 35.0]",0.0,-0.01,0.0,0.0
"[5.0, 125.0, 35.0, 155.0]",0.0,0.0,0.014948855720429628,0.0
"[45.0, 125.0, 75.0, 155.0]",-0.01,0.0,0.09696009896470813,0.0
"[125.0, 5.0, 155.0, 35.0]",0.0,0.0,0.0,0.0
"[125.0, 45.0, 155.0, 75.0]",0.0,0.0,0.0,-0.01
"[85.0, 125.0, 115.0, 155.0]",0.4303987975228406,0.0,0.0,0.0
"[125.0, 125.0, 155.0, 155.0]",0.0,0.0,0.0,0.0007057254609
"[125.0, 85.0, 155.0, 115.0]",0.0,2.4057810000000004e-06,0.0,0.0
******,0.0,0.0,0.0,0.0
"[5.0, 5.0, 35.0, 35.0]",0.0,1.3007449680637698e-05,0.0,0.0
"[5.0, 45.0, 35.0, 75.0]",0.0,0.00017094651328902015,0.0,0.0
"[5.0, 85.0, 35.0, 115.0]",0.0,0.0018411488504737651,-0.01,0.0
"[45.0, 5.0, 75.0, 35.0]",0.0,0.0,0.0,0.0
"[45.0, 45.0, 75.0, 75.0]",0.0,-0.01,-0.01,0.0
terminal,0.0,0.0,0.0,0.0
"[85.0, 5.0, 115.0, 35.0]",0.0,-0.01,0.0,0.0
"[5.0, 125.0, 35.0, 155.0]",0.0,0.0,0.015672008053907706,0.0
"[45.0, 125.0, 75.0, 155.0]",-0.01,0.0,0.09986408715276661,0.0
"[125.0, 5.0, 155.0, 35.0]",0.0,0.0,0.0,0.0
"[125.0, 45.0, 155.0, 75.0]",0.0,0.0,0.0,-0.01
"[85.0, 125.0, 115.0, 155.0]",0.4360948095476122,0.0,0.0,0.0
"[125.0, 125.0, 155.0, 155.0]",0.0,0.0,0.0,0.0007057254609
"[125.0, 85.0, 155.0, 115.0]",0.0,2.4057810000000004e-06,0.0,0.0
******,0.0,0.0,0.0,0.0
"[5.0, 5.0, 35.0, 35.0]",0.0,1.4415893803432502e-05,0.0,0.0
"[5.0, 45.0, 35.0, 75.0]",0.0,0.00018580738781039384,0.0,0.0
"[5.0, 85.0, 35.0, 115.0]",0.0,0.0019637854344541966,-0.01,0.0
"[45.0, 5.0, 75.0, 35.0]",0.0,0.0,0.0,0.0
"[45.0, 45.0, 75.0, 75.0]",0.0,-0.01,-0.01,0.0
terminal,0.0,0.0,0.0,0.0
"[85.0, 5.0, 115.0, 35.0]",0.0,-0.01,0.0,0.0
"[5.0, 125.0, 35.0, 155.0]",0.0,0.0,0.016414064757743527,0.0
"[45.0, 125.0, 75.0, 155.0]",-0.01,0.0,0.10279029956716745,0.0
"[125.0, 5.0, 155.0, 35.0]",0.0,0.0,0.0,0.0
"[125.0, 45.0, 155.0, 75.0]",0.0,0.0,0.0,-0.01
"[85.0, 125.0, 115.0, 155.0]",0.44173386145213606,0.0,0.0,0.0
"[125.0, 125.0, 155.0, 155.0]",0.0,0.0,0.0,0.0007057254609
"[125.0, 85.0, 155.0, 115.0]",0.0,2.4057810000000004e-06,0.0,0.0
******,0.0,0.0,0.0,0.0
"[5.0, 5.0, 35.0, 35.0]",0.0,1.594400135569172e-05,0.0,0.0
"[5.0, 45.0, 35.0, 75.0]",0.0,0.00020162338284237768,0.0,0.0
"[5.0, 85.0, 35.0, 115.0]",0.0,0.0020918741629293463,-0.01,0.0
"[45.0, 5.0, 75.0, 35.0]",0.0,0.0,0.0,0.0
"[45.0, 45.0, 75.0, 75.0]",0.0,-0.01,-0.01,0.0
terminal,0.0,0.0,0.0,0.0
"[85.0, 5.0, 115.0, 35.0]",0.0,-0.01,0.0,0.0
"[5.0, 125.0, 35.0, 155.0]",0.0,0.0,0.0171750368062706,0.0
"[45.0, 125.0, 75.0, 155.0]",-0.01,0.0,0.105738001324565,0.0
"[125.0, 5.0, 155.0, 35.0]",0.0,0.0,0.0,0.0
"[125.0, 45.0, 155.0, 75.0]",0.0,0.0,0.0,-0.01
"[85.0, 125.0, 115.0, 155.0]",0.4473165228376147,0.0,0.0,0.0
"[125.0, 125.0, 155.0, 155.0]",0.0,0.0,0.0,0.0007057254609
"[125.0, 85.0, 155.0, 115.0]",0.0,2.4057810000000004e-06,0.0,0.0
******,0.0,0.0,0.0,0.0
"[5.0, 5.0, 35.0, 35.0]",0.0,1.7599171787716202e-05,0.0,0.0
"[5.0, 45.0, 35.0, 75.0]",0.0,0.00021843401648031802,0.0,0.0
"[5.0, 85.0, 35.0, 115.0]",0.0,0.0022255307525564883,-0.01,0.0
"[45.0, 5.0, 75.0, 35.0]",0.0,0.0,0.0,0.0
"[45.0, 45.0, 75.0, 75.0]",0.0,-0.01,-0.01,0.0
terminal,0.0,0.0,0.0,0.0
"[85.0, 5.0, 115.0, 35.0]",0.0,-0.01,0.0,0.0
"[5.0, 125.0, 35.0, 155.0]",0.0,0.0,0.017954928450128978,0.0
"[45.0, 125.0, 75.0, 155.0]",-0.01,0.0,0.10870647001685788,0.0
"[125.0, 5.0, 155.0, 35.0]",0.0,0.0,0.0,0.0
"[125.0, 45.0, 155.0, 75.0]",0.0,0.0,0.0,-0.01
"[85.0, 125.0, 115.0, 155.0]",0.45284335760923855,0.0,0.0,0.0
"[125.0, 125.0, 155.0, 155.0]",0.0,0.0,0.0,0.0007057254609
"[125.0, 85.0, 155.0, 115.0]",0.0,2.4057810000000004e-06,0.0,0.0
******,0.0,0.0,0.0,0.0
"[5.0, 5.0, 35.0, 35.0]",0.0,1.9389086218161903e-05,0.0,0.0
"[5.0, 45.0, 35.0, 75.0]",0.0,0.00023627945308852324,0.0,0.0
"[5.0, 85.0, 35.0, 115.0]",0.0,0.0023648698010820843,-0.01,0.0
"[45.0, 5.0, 75.0, 35.0]",0.0,0.0,0.0,0.0
"[45.0, 45.0, 75.0, 75.0]",0.0,-0.01,-0.01,0.0
terminal,0.0,0.0,0.0,0.0
"[85.0, 5.0, 115.0, 35.0]",0.0,-0.01,0.0,0.0
"[5.0, 125.0, 35.0, 155.0]",0.0,0.0,0.01875373739577941,0.0
"[45.0, 125.0, 75.0, 155.0]",-0.01,0.0,0.11169499553517244,0.0
"[125.0, 5.0, 155.0, 35.0]",0.0,0.0,0.0,0.0
"[125.0, 45.0, 155.0, 75.0]",0.0,0.0,0.0,-0.01
"[85.0, 125.0, 115.0, 155.0]",0.45831492403314616,0.0,0.0,0.0
"[125.0, 125.0, 155.0, 155.0]",0.0,0.0,0.0,0.0007057254609
"[125.0, 85.0, 155.0, 115.0]",0.0,2.4057810000000004e-06,0.0,0.0
******,0.0,0.0,0.0,0.0
"[5.0, 5.0, 35.0, 35.0]",0.0,2.1321710433776994e-05,0.0,0.0
"[5.0, 45.0, 35.0, 75.0]",0.0,0.00025520048676737675,0.0,0.0
"[5.0, 85.0, 35.0, 115.0]",0.0,0.002510004739633278,-0.01,0.0
"[45.0, 5.0, 75.0, 35.0]",0.0,0.0,0.0,0.0
"[45.0, 45.0, 75.0, 75.0]",0.0,-0.01,-0.01,0.0
terminal,0.0,0.0,0.0,0.0
"[85.0, 5.0, 115.0, 35.0]",0.0,-0.01,0.0,0.0
"[5.0, 125.0, 35.0, 155.0]",0.0,0.0,0.019571454981638165,0.0
"[45.0, 125.0, 75.0, 155.0]",-0.01,0.0,0.11470287989611903,0.0
"[125.0, 5.0, 155.0, 35.0]",0.0,0.0,0.0,0.0
"[125.0, 45.0, 155.0, 75.0]",0.0,0.0,0.0,-0.01
"[85.0, 125.0, 115.0, 155.0]",0.4637317747928147,0.0,0.0,0.0
"[125.0, 125.0, 155.0, 155.0]",0.0,0.0,0.0,0.0007057254609
"[125.0, 85.0, 155.0, 115.0]",0.0,2.4057810000000004e-06,0.0,0.0
******,0.0,0.0,0.0,0.0
"[5.0, 5.0, 35.0, 35.0]",0.0,2.3405297710345614e-05,0.0,0.0
"[5.0, 45.0, 35.0, 75.0]",0.0,0.0002752385245564025,0.0,0.0
"[5.0, 85.0, 35.0, 115.0]",0.0,0.002661047787071689,-0.01,0.0
"[45.0, 5.0, 75.0, 35.0]",0.0,0.0,0.0,0.0
"[45.0, 45.0, 75.0, 75.0]",0.0,-0.01,-0.01,0.0
terminal,0.0,0.0,0.0,0.0
"[85.0, 5.0, 115.0, 35.0]",0.0,-0.01,0.0,0.0
"[5.0, 125.0, 35.0, 155.0]",0.0,0.0,0.020408066350886853,0.0
"[45.0, 125.0, 75.0, 155.0]",-0.01,0.0,0.11772943707029318,0.0
"[125.0, 5.0, 155.0, 35.0]",0.0,0.0,0.0,0.0
"[125.0, 45.0, 155.0, 75.0]",0.0,0.0,0.0,-0.01
"[85.0, 125.0, 115.0, 155.0]",0.46909445704488656,0.0,0.0,0.0
"[125.0, 125.0, 155.0, 155.0]",0.0,0.0,0.0,0.0007057254609
"[125.0, 85.0, 155.0, 115.0]",0.0,2.4057810000000004e-06,0.0,0.0
******,0.0,0.0,0.0,0.0
"[5.0, 5.0, 35.0, 35.0]",0.0,2.5648391454249782e-05,0.0,0.0
"[5.0, 45.0, 35.0, 75.0]",0.0,0.0002964355693944837,0.0,0.0
"[5.0, 85.0, 35.0, 115.0]",0.0,0.0028181099063589537,-0.01,0.0
"[45.0, 5.0, 75.0, 35.0]",0.0,0.0,0.0,0.0
"[45.0, 45.0, 75.0, 75.0]",0.0,-0.01,-0.01,0.0
terminal,0.0,0.0,0.0,0.0
"[85.0, 5.0, 115.0, 35.0]",0.0,-0.01,0.0,0.0
"[5.0, 125.0, 35.0, 155.0]",0.0,0.0,0.021263550621010624,0.0
"[45.0, 125.0, 75.0, 155.0]",-0.01,0.0,0.12077399281299422,0.0
"[125.0, 5.0, 155.0, 35.0]",0.0,0.0,0.0,0.0
"[125.0, 45.0, 155.0, 75.0]",0.0,0.0,0.0,-0.01
"[85.0, 125.0, 115.0, 155.0]",0.4744035124744377,0.0,0.0,0.0
"[125.0, 125.0, 155.0, 155.0]",0.0,0.0,0.0,0.0007057254609
"[125.0, 85.0, 155.0, 115.0]",0.0,2.4057810000000004e-06,0.0,0.0
******,0.0,0.0,0.0,0.0
"[5.0, 5.0, 35.0, 35.0]",0.0,2.8059827664257636e-05,0.0,0.0
"[5.0, 45.0, 35.0, 75.0]",0.0,0.00031883420285776947,0.0,0.0
"[5.0, 85.0, 35.0, 115.0]",0.0,0.0029813007628844597,-0.01,0.0
"[45.0, 5.0, 75.0, 35.0]",0.0,0.0,0.0,0.0
"[45.0, 45.0, 75.0, 75.0]",0.0,-0.01,-0.01,0.0
terminal,0.0,0.0,0.0,0.0
"[85.0, 5.0, 115.0, 35.0]",0.0,-0.01,0.0,0.0
"[5.0, 125.0, 35.0, 155.0]",0.0,0.0,0.022137881050117467,0.0
"[45.0, 125.0, 75.0, 155.0]",-0.01,0.0,0.12383588449713422,0.0
"[125.0, 5.0, 155.0, 35.0]",0.0,0.0,0.0,0.0
"[125.0, 45.0, 155.0, 75.0]",0.0,0.0,0.0,-0.01
"[85.0, 125.0, 115.0, 155.0]",0.47965947734969333,0.0,0.0,0.0
"[125.0, 125.0, 155.0, 155.0]",0.0,0.0,0.0,0.0007057254609
"[125.0, 85.0, 155.0, 115.0]",0.0,2.4057810000000004e-06,0.0,0.0
******,0.0,0.0,0.0,0.0
"[5.0, 5.0, 35.0, 35.0]",0.0,3.064873721333498e-05,0.0,0.0
"[5.0, 45.0, 35.0, 75.0]",0.0,0.0003424775676951519,0.0,0.0
"[5.0, 85.0, 35.0, 115.0]",0.0,0.003150728684706672,-0.01,0.0
"[45.0, 5.0, 75.0, 35.0]",0.0,0.0,0.0,0.0
"[45.0, 45.0, 75.0, 75.0]",0.0,-0.01,-0.01,0.0
terminal,0.0,0.0,0.0,0.0
"[85.0, 5.0, 115.0, 35.0]",0.0,-0.01,0.0,0.0
"[5.0, 125.0, 35.0, 155.0]",0.0,0.0,0.0230310252000905,0.0
"[45.0, 125.0, 75.0, 155.0]",-0.01,0.0,0.1269144609483101,0.0
"[125.0, 5.0, 155.0, 35.0]",0.0,0.0,0.0,0.0
"[125.0, 45.0, 155.0, 75.0]",0.0,0.0,0.0,-0.01
"[85.0, 125.0, 115.0, 155.0]",0.4848628825761964,0.0,0.0,0.0
"[125.0, 125.0, 155.0, 155.0]",0.0,0.0,0.0,0.0007057254609
"[125.0, 85.0, 155.0, 115.0]",0.0,2.4057810000000004e-06,0.0,0.0
******,0.0,0.0,0.0,0.0
"[5.0, 5.0, 35.0, 35.0]",0.0,3.3424547950458e-05,0.0,0.0
"[5.0, 45.0, 35.0, 75.0]",0.0,0.0003674093501805604,0.0,0.0
"[5.0, 85.0, 35.0, 115.0]",0.0,0.00332650062466042,-0.01,0.0
"[45.0, 5.0, 75.0, 35.0]",0.0,0.0,0.0,0.0
"[45.0, 45.0, 75.0, 75.0]",0.0,-0.01,-0.01,0.0
terminal,0.0,0.0,0.0,0.0
"[85.0, 5.0, 115.0, 35.0]",0.0,-0.01,0.0,0.0
"[5.0, 125.0, 35.0, 155.0]",0.0,0.0,0.023942945096624386,0.0
"[45.0, 125.0, 75.0, 155.0]",-0.01,0.0,0.13000908228201277,0.0
"[125.0, 5.0, 155.0, 35.0]",0.0,0.0,0.0,0.0
"[125.0, 45.0, 155.0, 75.0]",0.0,0.0,0.0,-0.01
"[85.0, 125.0, 115.0, 155.0]",0.49001425375043445,0.0,0.0,0.0
"[125.0, 125.0, 155.0, 155.0]",0.0,0.0,0.0,0.0007057254609
"[125.0, 85.0, 155.0, 115.0]",0.0,2.4057810000000004e-06,0.0,0.0
******,0.0,0.0,0.0,0.0
"[5.0, 5.0, 35.0, 35.0]",0.0,3.6396986622578465e-05,0.0,0.0
"[5.0, 45.0, 35.0, 75.0]",0.0,0.00039367376230069857,0.0,0.0
"[5.0, 85.0, 35.0, 115.0]",0.0,0.0035087221242834357,-0.01,0.0
"[45.0, 5.0, 75.0, 35.0]",0.0,0.0,0.0,0.0
"[45.0, 45.0, 75.0, 75.0]",0.0,-0.01,-0.01,0.0
terminal,0.0,0.0,0.0,0.0
"[85.0, 5.0, 115.0, 35.0]",0.0,-0.01,0.0,0.0
"[5.0, 125.0, 35.0, 155.0]",0.0,0.0,0.024873597386196256,0.0
"[45.0, 125.0, 75.0, 155.0]",-0.01,0.0,0.13311911974294655,0.0
"[125.0, 5.0, 155.0, 35.0]",0.0,0.0,0.0,0.0
"[125.0, 45.0, 155.0, 75.0]",0.0,0.0,0.0,-0.01
"[85.0, 125.0, 115.0, 155.0]",0.4951141112129301,0.0,0.0,0.0
"[125.0, 125.0, 155.0, 155.0]",0.0,0.0,0.0,0.0007057254609
"[125.0, 85.0, 155.0, 115.0]",0.0,2.4057810000000004e-06,0.0,0.0
******,0.0,0.0,0.0,0.0
"[5.0, 5.0, 35.0, 35.0]",0.0,3.957608061705897e-05,0.0,0.0
"[5.0, 45.0, 35.0, 75.0]",0.0,0.0004213155237962425,0.0,0.0
"[5.0, 85.0, 35.0, 115.0]",0.0,0.0036974972795163676,-0.01,0.0
"[45.0, 5.0, 75.0, 35.0]",0.0,0.0,0.0,0.0
"[45.0, 45.0, 75.0, 75.0]",0.0,-0.01,-0.01,0.0
terminal,0.0,0.0,0.0,0.0
"[85.0, 5.0, 115.0, 35.0]",0.0,-0.01,0.0,0.0
"[5.0, 125.0, 35.0, 155.0]",0.0,0.0,0.02582293349002081,0.0
"[45.0, 125.0, 75.0, 155.0]",-0.01,0.0,0.13624395554643345,0.0
"[125.0, 5.0, 155.0, 35.0]",0.0,0.0,0.0,0.0
"[125.0, 45.0, 155.0, 75.0]",0.0,0.0,0.0,-0.01
"[85.0, 125.0, 115.0, 155.0]",0.5001629701008008,0.0,0.0,0.0
"[125.0, 125.0, 155.0, 155.0]",0.0,0.0,0.0,0.0007057254609
"[125.0, 85.0, 155.0, 115.0]",0.0,2.4057810000000004e-06,0.0,0.0
******,0.0,0.0,0.0,0.0
"[5.0, 5.0, 35.0, 35.0]",0.0,4.2972159525054565e-05,0.0,0.0
"[5.0, 45.0, 35.0, 75.0]",0.0,0.0004503798440739274,0.0,0.0
"[5.0, 85.0, 35.0, 115.0]",0.0,0.003892928708131391,-0.01,0.0
"[45.0, 5.0, 75.0, 35.0]",0.0,0.0,0.0,0.0
"[45.0, 45.0, 75.0, 75.0]",0.0,-0.01,-0.01,0.0
terminal,0.0,0.0,0.0,0.0
"[85.0, 5.0, 115.0, 35.0]",0.0,-0.01,0.0,0.0
"[5.0, 125.0, 35.0, 155.0]",0.0,0.0,0.026790899755038504,0.0
"[45.0, 125.0, 75.0, 155.0]",-0.01,0.0,0.13938298272187633,0.0
"[125.0, 5.0, 155.0, 35.0]",0.0,0.0,0.0,0.0
"[125.0, 45.0, 155.0, 75.0]",0.0,0.0,0.0,-0.01
"[85.0, 125.0, 115.0, 155.0]",0.5051613403997928,0.0,0.0,0.0
"[125.0, 125.0, 155.0, 155.0]",0.0,0.0,0.0,0.0007057254609
"[125.0, 85.0, 155.0, 115.0]",0.0,2.4057810000000004e-06,0.0,0.0
******,0.0,0.0,0.0,0.0
"[5.0, 5.0, 35.0, 35.0]",0.0,4.659585652646936e-05,0.0,0.0
"[5.0, 45.0, 35.0, 75.0]",0.0,0.00048091240400637063,0.0,0.0
"[5.0, 85.0, 35.0, 115.0]",0.0,0.004095117518845424,-0.01,0.0
"[45.0, 5.0, 75.0, 35.0]",0.0,0.0,0.0,0.0
"[45.0, 45.0, 75.0, 75.0]",0.0,-0.01,-0.01,0.0
terminal,0.0,0.0,0.0,0.0
"[85.0, 5.0, 115.0, 35.0]",0.0,-0.01,0.0,0.0
"[5.0, 125.0, 35.0, 155.0]",0.0,0.0,0.027777437601985006,0.0
"[45.0, 125.0, 75.0, 155.0]",-0.01,0.0,0.1425356049582557,0.0
"[125.0, 5.0, 155.0, 35.0]",0.0,0.0,0.0,0.0
"[125.0, 45.0, 155.0, 75.0]",0.0,0.0,0.0,-0.01
"[85.0, 125.0, 115.0, 155.0]",0.5101097269957948,0.0,0.0,0.0
"[125.0, 125.0, 155.0, 155.0]",0.0,0.0,0.0,0.0007057254609
"[125.0, 85.0, 155.0, 115.0]",0.0,2.4057810000000004e-06,0.0,0.0
******,0.0,0.0,0.0,0.0
"[5.0, 5.0, 35.0, 35.0]",0.0,5.045810959726201e-05,0.0,0.0
"[5.0, 45.0, 35.0, 75.0]",0.0,0.0005129593376359158,0.0,0.0
"[5.0, 85.0, 35.0, 115.0]",0.0,0.004304163282074835,-0.01,0.0
"[45.0, 5.0, 75.0, 35.0]",0.0,0.0,0.0,0.0
"[45.0, 45.0, 75.0, 75.0]",0.0,-0.01,-0.01,0.0
terminal,0.0,0.0,0.0,0.0
"[85.0, 5.0, 115.0, 35.0]",0.0,-0.01,0.0,0.0
"[5.0, 125.0, 35.0, 155.0]",0.0,0.0,0.028782483670589457,0.0
"[45.0, 125.0, 75.0, 155.0]",-0.01,0.0,0.1457012364516353,0.0
"[125.0, 5.0, 155.0, 35.0]",0.0,0.0,0.0,0.0
"[125.0, 45.0, 155.0, 75.0]",0.0,0.0,0.0,-0.01
"[85.0, 125.0, 115.0, 155.0]",0.5150086297258368,0.0,0.0,0.0
"[125.0, 125.0, 155.0, 155.0]",0.0,0.0,0.0,0.0007057254609
"[125.0, 85.0, 155.0, 115.0]",0.0,2.4057810000000004e-06,0.0,0.0
******,0.0,0.0,0.0,0.0
"[5.0, 5.0, 35.0, 35.0]",0.0,5.457016254001263e-05,0.0,0.0
"[5.0, 45.0, 35.0, 75.0]",0.0,0.0005465672137982301,0.0,0.0
"[5.0, 85.0, 35.0, 115.0]",0.0,0.004520164002289391,-0.01,0.0
"[45.0, 5.0, 75.0, 35.0]",0.0,0.0,0.0,0.0
"[45.0, 45.0, 75.0, 75.0]",0.0,-0.01,-0.01,0.0
terminal,0.0,0.0,0.0,0.0
"[85.0, 5.0, 115.0, 35.0]",0.0,-0.01,0.0,0.0
"[5.0, 125.0, 35.0, 155.0]",0.0,0.0,0.02980596996194828,0.0
"[45.0, 125.0, 75.0, 155.0]",-0.01,0.0,0.14887930175465147,0.0
"[125.0, 5.0, 155.0, 35.0]",0.0,0.0,0.0,0.0
"[125.0, 45.0, 155.0, 75.0]",0.0,0.0,0.0,-0.01
"[85.0, 125.0, 115.0, 155.0]",0.5198585434285785,0.0,0.0,0.0
"[125.0, 125.0, 155.0, 155.0]",0.0,0.0,0.0,0.0007057254609
"[125.0, 85.0, 155.0, 115.0]",0.0,2.4057810000000004e-06,0.0,0.0
******,0.0,0.0,0.0,0.0
"[5.0, 5.0, 35.0, 35.0]",0.0,5.8943565838796575e-05,0.0,0.0
"[5.0, 45.0, 35.0, 75.0]",0.0,0.0005817830176808523,0.0,0.0
"[5.0, 85.0, 35.0, 115.0]",0.0,0.0047432160919240315,-0.01,0.0
"[45.0, 5.0, 75.0, 35.0]",0.0,0.0,0.0,0.0
"[45.0, 45.0, 75.0, 75.0]",0.0,-0.01,-0.01,0.0
terminal,0.0,0.0,0.0,0.0
"[85.0, 5.0, 115.0, 35.0]",0.0,-0.01,0.0,0.0
"[5.0, 125.0, 35.0, 155.0]",0.0,0.0,0.03084782397812066,0.0
"[45.0, 125.0, 75.0, 155.0]",-0.01,0.0,0.15206923562796215,0.0
"[125.0, 5.0, 155.0, 35.0]",0.0,0.0,0.0,0.0
"[125.0, 45.0, 155.0, 75.0]",0.0,0.0,0.0,-0.01
"[85.0, 125.0, 115.0, 155.0]",0.5246599579942928,0.0,0.0,0.0
"[125.0, 125.0, 155.0, 155.0]",0.0,0.0,0.0,0.0007057254609
"[125.0, 85.0, 155.0, 115.0]",0.0,2.4057810000000004e-06,0.0,0.0
******,0.0,0.0,0.0,0.0
"[5.0, 5.0, 35.0, 35.0]",0.0,6.359017733953628e-05,0.0,0.0
"[5.0, 45.0, 35.0, 75.0]",0.0,0.0006186541323313601,0.0,0.0
"[5.0, 85.0, 35.0, 115.0]",0.0,0.004973414346807877,-0.01,0.0
"[45.0, 5.0, 75.0, 35.0]",0.0,0.0,0.0,0.0
"[45.0, 45.0, 75.0, 75.0]",0.0,-0.01,-0.01,0.0
terminal,0.0,0.0,0.0,0.0
"[85.0, 5.0, 115.0, 35.0]",0.0,-0.01,0.0,0.0
"[5.0, 125.0, 35.0, 155.0]",0.0,0.0,0.031907968858991116,0.0
"[45.0, 125.0, 75.0, 155.0]",-0.01,0.0,0.15527048289363116,0.0
"[125.0, 5.0, 155.0, 35.0]",0.0,0.0,0.0,0.0
"[125.0, 45.0, 155.0, 75.0]",0.0,0.0,0.0,-0.01
"[85.0, 125.0, 115.0, 155.0]",0.5294133584143499,0.0,0.0,0.0
"[125.0, 125.0, 155.0, 155.0]",0.0,0.0,0.0,0.0007057254609
"[125.0, 85.0, 155.0, 115.0]",0.0,2.4057810000000004e-06,0.0,0.0
******,0.0,0.0,0.0,0.0
"[5.0, 5.0, 35.0, 35.0]",0.0,6.852216275712316e-05,0.0,0.0
"[5.0, 45.0, 35.0, 75.0]",0.0,0.0006572283201293174,0.0,0.0
"[5.0, 85.0, 35.0, 115.0]",0.0,0.005210851923070719,-0.01,0.0
"[45.0, 5.0, 75.0, 35.0]",0.0,0.0,0.0,0.0
"[45.0, 45.0, 75.0, 75.0]",0.0,-0.01,-0.01,0.0
terminal,0.0,0.0,0.0,0.0
"[85.0, 5.0, 115.0, 35.0]",0.0,-0.01,0.0,0.0
"[5.0, 125.0, 35.0, 155.0]",0.0,0.0,0.032986323516443886,0.0
"[45.0, 125.0, 75.0, 155.0]",-0.01,0.0,0.158482498290424,0.0
"[125.0, 5.0, 155.0, 35.0]",0.0,0.0,0.0,0.0
"[125.0, 45.0, 155.0, 75.0]",0.0,0.0,0.0,-0.01
"[85.0, 125.0, 115.0, 155.0]",0.5341192248302064,0.0,0.0,0.0
"[125.0, 125.0, 155.0, 155.0]",0.0,0.0,0.0,0.0007057254609
"[125.0, 85.0, 155.0, 115.0]",0.0,2.4057810000000004e-06,0.0,0.0
******,0.0,0.0,0.0,0.0
"[5.0, 5.0, 35.0, 35.0]",0.0,7.375199601071579e-05,0.0,0.0
"[5.0, 45.0, 35.0, 75.0]",0.0,0.0006975537042356607,0.0,0.0
"[5.0, 85.0, 35.0, 115.0]",0.0,0.005455620315488007,-0.01,0.0
"[45.0, 5.0, 75.0, 35.0]",0.0,0.0,0.0,0.0
"[45.0, 45.0, 75.0, 75.0]",0.0,-0.01,-0.01,0.0
terminal,0.0,0.0,0.0,0.0
"[85.0, 5.0, 115.0, 35.0]",0.0,-0.01,0.0,0.0
"[5.0, 125.0, 35.0, 155.0]",0.0,0.0,0.03408280276589326,0.0
"[45.0, 125.0, 75.0, 155.0]",-0.01,0.0,0.1617047463309916,0.0
"[125.0, 5.0, 155.0, 35.0]",0.0,0.0,0.0,0.0
"[125.0, 45.0, 155.0, 75.0]",0.0,0.0,0.0,-0.01
"[85.0, 125.0, 115.0, 155.0]",0.5387780325819043,0.0,0.0,0.0
"[125.0, 125.0, 155.0, 155.0]",0.0,0.0,0.0,0.0007057254609
"[125.0, 85.0, 155.0, 115.0]",0.0,2.4057810000000004e-06,0.0,0.0
******,0.0,0.0,0.0,0.0
"[5.0, 5.0, 35.0, 35.0]",0.0,7.929245938872958e-05,0.0,0.0
"[5.0, 45.0, 35.0, 75.0]",0.0,0.0007396787500326962,0.0,0.0
"[5.0, 85.0, 35.0, 115.0]",0.0,0.005707809337226166,-0.01,0.0
"[45.0, 5.0, 75.0, 35.0]",0.0,0.0,0.0,0.0
"[45.0, 45.0, 75.0, 75.0]",0.0,-0.01,-0.01,0.0
terminal,0.0,0.0,0.0,0.0
"[85.0, 5.0, 115.0, 35.0]",0.0,-0.01,0.0,0.0
"[5.0, 125.0, 35.0, 155.0]",0.0,0.0,0.035197317455213255,0.0
"[45.0, 125.0, 75.0, 155.0]",-0.01,0.0,0.16493670116091882,0.0
"[125.0, 5.0, 155.0, 35.0]",0.0,0.0,0.0,0.0
"[125.0, 45.0, 155.0, 75.0]",0.0,0.0,0.0,-0.01
"[85.0, 125.0, 115.0, 155.0]",0.5433902522560852,0.0,0.0,0.0
"[125.0, 125.0, 155.0, 155.0]",0.0,0.0,0.0,0.0007057254609
"[125.0, 85.0, 155.0, 115.0]",0.0,2.4057810000000004e-06,0.0,0.0
******,0.0,0.0,0.0,0.0
"[5.0, 5.0, 35.0, 35.0]",0.0,8.515664354513656e-05,0.0,0.0
"[5.0, 45.0, 35.0, 75.0]",0.0,0.0007836522465674048,0.0,0.0
"[5.0, 85.0, 35.0, 115.0]",0.0,0.005967507100950824,-0.01,0.0
"[45.0, 5.0, 75.0, 35.0]",0.0,0.0,0.0,0.0
"[45.0, 45.0, 75.0, 75.0]",0.0,-0.01,-0.01,0.0
terminal,0.0,0.0,0.0,0.0
"[85.0, 5.0, 115.0, 35.0]",0.0,-0.01,0.0,0.0
"[5.0, 125.0, 35.0, 155.0]",0.0,0.0,0.03632977459110939,0.0
"[45.0, 125.0, 75.0, 155.0]",-0.01,0.0,0.1681778464196144,0.0
"[125.0, 5.0, 155.0, 35.0]",0.0,0.0,0.0,0.0
"[125.0, 45.0, 155.0, 75.0]",0.0,0.0,0.0,-0.01
"[85.0, 125.0, 115.0, 155.0]",0.5479563497335244,0.0,0.0,0.0
"[125.0, 125.0, 155.0, 155.0]",0.0,0.0,0.0,0.0007057254609
"[125.0, 85.0, 155.0, 115.0]",0.0,2.4057810000000004e-06,0.0,0.0
******,0.0,0.0,0.0,0.0
"[5.0, 5.0, 35.0, 35.0]",0.0,9.135794732879183e-05,0.0,0.0
"[5.0, 45.0, 35.0, 75.0]",0.0,0.0008295232880102881,0.0,0.0
"[5.0, 85.0, 35.0, 115.0]",0.0,0.0062348000012613,-0.01,0.0
"[45.0, 5.0, 75.0, 35.0]",0.0,0.0,0.0,0.0
"[45.0, 45.0, 75.0, 75.0]",0.0,-0.01,-0.01,0.0
terminal,0.0,0.0,0.0,0.0
"[85.0, 5.0, 115.0, 35.0]",0.0,-0.01,0.0,0.0
"[5.0, 125.0, 35.0, 155.0]",0.0,0.0,0.037480077462974826,0.0
"[45.0, 125.0, 75.0, 155.0]",-0.01,0.0,0.17142767510301996,0.0
"[125.0, 5.0, 155.0, 35.0]",0.0,0.0,0.0,0.0
"[125.0, 45.0, 155.0, 75.0]",0.0,0.0,0.0,-0.01
"[85.0, 125.0, 115.0, 155.0]",0.5524767862361891,0.0,0.0,0.0
"[125.0, 125.0, 155.0, 155.0]",0.0,0.0,0.0,0.0007057254609
"[125.0, 85.0, 155.0, 115.0]",0.0,2.4057810000000004e-06,0.0,0.0
******,0.0,0.0,0.0,0.0
"[5.0, 5.0, 35.0, 35.0]",0.0,9.79100774475965e-05,0.0,0.0
"[5.0, 45.0, 35.0, 75.0]",0.0,0.0008773412551415369,0.0,0.0
"[5.0, 85.0, 35.0, 115.0]",0.0,0.0065097726984154605,-0.01,0.0
"[45.0, 5.0, 75.0, 35.0]",0.0,0.0,0.0,0.0
"[45.0, 45.0, 75.0, 75.0]",0.0,-0.01,-0.01,0.0
terminal,0.0,0.0,0.0,0.0
"[85.0, 5.0, 115.0, 35.0]",0.0,-0.01,0.0,0.0
"[5.0, 125.0, 35.0, 155.0]",0.0,0.0,0.038648125764272255,0.0
"[45.0, 125.0, 75.0, 155.0]",-0.01,0.0,0.17468568942811546,0.0
"[125.0, 5.0, 155.0, 35.0]",0.0,0.0,0.0,0.0
"[125.0, 45.0, 155.0, 75.0]",0.0,0.0,0.0,-0.01
"[85.0, 125.0, 115.0, 155.0]",0.5569520183738272,0.0,0.0,0.0
"[125.0, 125.0, 155.0, 155.0]",0.0,0.0,0.0,0.0007057254609
"[125.0, 85.0, 155.0, 115.0]",0.0,2.4057810000000004e-06,0.0,0.0
******,0.0,0.0,0.0,0.0
"[5.0, 5.0, 35.0, 35.0]",0.0,0.00010482704796939437,0.0,0.0
"[5.0, 45.0, 35.0, 75.0]",0.0,0.0009271557968758607,0.0,0.0
"[5.0, 85.0, 35.0, 115.0]",0.0,0.006792508103309756,-0.01,0.0
"[45.0, 5.0, 75.0, 35.0]",0.0,0.0,0.0,0.0
"[45.0, 45.0, 75.0, 75.0]",0.0,-0.01,-0.01,0.0
terminal,0.0,0.0,0.0,0.0
"[85.0, 5.0, 115.0, 35.0]",0.0,-0.01,0.0,0.0
"[5.0, 125.0, 35.0, 155.0]",0.0,0.0,0.03983381571148257,0.0
"[45.0, 125.0, 75.0, 155.0]",-0.01,0.0,0.17795140069919876,0.0
"[125.0, 5.0, 155.0, 35.0]",0.0,0.0,0.0,0.0
"[125.0, 45.0, 155.0, 75.0]",0.0,0.0,0.0,-0.01
"[85.0, 125.0, 115.0, 155.0]",0.561382498190089,0.0,0.0,0.0
"[125.0, 125.0, 155.0, 155.0]",0.0,0.0,0.0,0.0007057254609
"[125.0, 85.0, 155.0, 115.0]",0.0,2.4057810000000004e-06,0.0,0.0
******,0.0,0.0,0.0,0.0
"[5.0, 5.0, 35.0, 35.0]",0.0,0.00011212317966158317,0.0,0.0
"[5.0, 45.0, 35.0, 75.0]",0.0,0.00097901681183689,0.0,0.0
"[5.0, 85.0, 35.0, 115.0]",0.0,0.007083087363680001,-0.01,0.0
"[45.0, 5.0, 75.0, 35.0]",0.0,0.0,0.0,0.0
"[45.0, 45.0, 75.0, 75.0]",0.0,-0.01,-0.01,0.0
terminal,0.0,0.0,0.0,0.0
"[85.0, 5.0, 115.0, 35.0]",0.0,-0.01,0.0,0.0
"[5.0, 125.0, 35.0, 155.0]",0.0,0.0,0.04103704016066053,0.0
"[45.0, 125.0, 75.0, 155.0]",-0.01,0.0,0.18122432917591758,0.0
"[125.0, 5.0, 155.0, 35.0]",0.0,0.0,0.0,0.0
"[125.0, 45.0, 155.0, 75.0]",0.0,0.0,0.0,-0.01
"[85.0, 125.0, 115.0, 155.0]",0.5657686732081881,0.0,0.0,0.0
"[125.0, 125.0, 155.0, 155.0]",0.0,0.0,0.0,0.0007057254609
"[125.0, 85.0, 155.0, 115.0]",0.0,2.4057810000000004e-06,0.0,0.0
******,0.0,0.0,0.0,0.0
"[5.0, 5.0, 35.0, 35.0]",0.0,0.00011981309917149935,0.0,0.0
"[5.0, 45.0, 35.0, 75.0]",0.0,0.0010329744299916411,0.0,0.0
"[5.0, 85.0, 35.0, 115.0]",0.0,0.007381589851489146,-0.01,0.0
"[45.0, 5.0, 75.0, 35.0]",0.0,0.0,0.0,0.0
"[45.0, 45.0, 75.0, 75.0]",0.0,-0.01,-0.01,0.0
terminal,0.0,0.0,0.0,0.0
"[85.0, 5.0, 115.0, 35.0]",0.0,-0.01,0.0,0.0
"[5.0, 125.0, 35.0, 155.0]",0.0,0.0,0.04225768872163718,0.0
"[45.0, 125.0, 75.0, 155.0]",-0.01,0.0,0.1845040039430321,0.0
"[125.0, 5.0, 155.0, 35.0]",0.0,0.0,0.0,0.0
"[125.0, 45.0, 155.0, 75.0]",0.0,0.0,0.0,-0.01
"[85.0, 125.0, 115.0, 155.0]",0.5701109864761063,0.0,0.0,0.0
"[125.0, 125.0, 155.0, 155.0]",0.0,0.0,0.0,0.0007057254609
"[125.0, 85.0, 155.0, 115.0]",0.0,2.4057810000000004e-06,0.0,0.0
******,0.0,0.0,0.0,0.0
"[5.0, 5.0, 35.0, 35.0]",0.0,0.00012791173804970913,0.0,0.0
"[5.0, 45.0, 35.0, 75.0]",0.0,0.001089078994355127,0.0,0.0
"[5.0, 85.0, 35.0, 115.0]",0.0,0.007688093151468989,-0.01,0.0
"[45.0, 5.0, 75.0, 35.0]",0.0,0.0,0.0,0.0
"[45.0, 45.0, 75.0, 75.0]",0.0,-0.01,-0.01,0.0
terminal,0.0,0.0,0.0,0.0
"[85.0, 5.0, 115.0, 35.0]",0.0,-0.01,0.0,0.0
"[5.0, 125.0, 35.0, 155.0]",0.0,0.0,0.0434956478699081,0.0
"[45.0, 125.0, 75.0, 155.0]",-0.01,0.0,0.18778996278188673,0.0
"[125.0, 5.0, 155.0, 35.0]",0.0,0.0,0.0,0.0
"[125.0, 45.0, 155.0, 75.0]",0.0,0.0,0.0,-0.01
"[85.0, 125.0, 115.0, 155.0]",0.5744098766113452,0.0,0.0,0.0
"[125.0, 125.0, 155.0, 155.0]",0.0,0.0,0.0,0.0007057254609
"[125.0, 85.0, 155.0, 115.0]",0.0,2.4057810000000004e-06,0.0,0.0
******,0.0,0.0,0.0,0.0
"[5.0, 5.0, 35.0, 35.0]",0.0,0.0001364343316184082,0.0,0.0
"[5.0, 45.0, 35.0, 75.0]",0.0,0.0011473810427747966,0.0,0.0
"[5.0, 85.0, 35.0, 115.0]",0.0,0.008002673050783473,-0.01,0.0
"[45.0, 5.0, 75.0, 35.0]",0.0,0.0,0.0,0.0
"[45.0, 45.0, 75.0, 75.0]",0.0,-0.01,-0.01,0.0
terminal,0.0,0.0,0.0,0.0
"[85.0, 5.0, 115.0, 35.0]",0.0,-0.01,0.0,0.0
"[5.0, 125.0, 35.0, 155.0]",0.0,0.0,0.044750801056246,0.0
"[45.0, 125.0, 75.0, 155.0]",-0.01,0.0,0.19108175204356997,0.0
"[125.0, 5.0, 155.0, 35.0]",0.0,0.0,0.0,0.0
"[125.0, 45.0, 155.0, 75.0]",0.0,0.0,0.0,-0.01
"[85.0, 125.0, 115.0, 155.0]",0.5786657778452318,0.0,0.0,0.0
"[125.0, 125.0, 155.0, 155.0]",0.0,0.0,0.0,0.0007057254609
"[125.0, 85.0, 155.0, 115.0]",0.0,2.4057810000000004e-06,0.0,0.0
******,0.0,0.0,0.0,0.0
"[5.0, 5.0, 35.0, 35.0]",0.0,0.00014539641768719728,0.0,0.0
"[5.0, 45.0, 35.0, 75.0]",0.0,0.0012079312898040998,0.0,0.0
"[5.0, 85.0, 35.0, 115.0]",0.0,0.008325403529781852,-0.01,0.0
"[45.0, 5.0, 75.0, 35.0]",0.0,0.0,0.0,0.0
"[45.0, 45.0, 75.0, 75.0]",0.0,-0.01,-0.01,0.0
terminal,0.0,0.0,0.0,0.0
"[85.0, 5.0, 115.0, 35.0]",0.0,-0.01,0.0,0.0
"[5.0, 125.0, 35.0, 155.0]",0.0,0.0,0.04602302881407567,0.0
"[45.0, 125.0, 75.0, 155.0]",-0.01,0.0,0.19437892652374136,0.0
"[125.0, 5.0, 155.0, 35.0]",0.0,0.0,0.0,0.0
"[125.0, 45.0, 155.0, 75.0]",0.0,0.0,0.0,-0.01
"[85.0, 125.0, 115.0, 155.0]",0.5828791200667794,0.0,0.0,0.0
"[125.0, 125.0, 155.0, 155.0]",0.0,0.0,0.0,0.0007057254609
"[125.0, 85.0, 155.0, 115.0]",0.0,2.4057810000000004e-06,0.0,0.0
******,0.0,0.0,0.0,0.0
"[5.0, 5.0, 35.0, 35.0]",0.0,0.0001548138351185622,0.0,0.0
"[5.0, 45.0, 35.0, 75.0]",0.0,0.0012707806086740955,0.0,0.0
"[5.0, 85.0, 35.0, 115.0]",0.0,0.008656356753810716,-0.01,0.0
"[45.0, 5.0, 75.0, 35.0]",0.0,0.0,0.0,0.0
"[45.0, 45.0, 75.0, 75.0]",0.0,-0.01,-0.01,0.0
terminal,0.0,0.0,0.0,0.0
"[85.0, 5.0, 115.0, 35.0]",0.0,-0.01,0.0,0.0
"[5.0, 125.0, 35.0, 155.0]",0.0,0.0,0.04731220886464858,0.0
"[45.0, 125.0, 75.0, 155.0]",-0.01,0.0,0.19768104933910496,0.0
"[125.0, 5.0, 155.0, 35.0]",0.0,0.0,0.0,0.0
"[125.0, 45.0, 155.0, 75.0]",0.0,0.0,0.0,-0.01
"[85.0, 125.0, 115.0, 155.0]",0.5870503288661116,0.0,0.0,0.0
"[125.0, 125.0, 155.0, 155.0]",0.0,0.0,0.0,0.0007057254609
"[125.0, 85.0, 155.0, 115.0]",0.0,2.4057810000000004e-06,0.0,0.0
******,0.0,0.0,0.0,0.0
"[5.0, 5.0, 35.0, 35.0]",0.0,0.00016470272224544343,0.0,0.0
"[5.0, 45.0, 35.0, 75.0]",0.0,0.001335980013371651,0.0,0.0
"[5.0, 85.0, 35.0, 115.0]",0.0,0.008995603066054446,-0.01,0.0
"[45.0, 5.0, 75.0, 35.0]",0.0,0.0,0.0,0.0
"[45.0, 45.0, 75.0, 75.0]",0.0,-0.01,-0.01,0.0
terminal,0.0,0.0,0.0,0.0
"[85.0, 5.0, 115.0, 35.0]",0.0,-0.01,0.0,0.0
"[5.0, 125.0, 35.0, 155.0]",0.0,0.0,0.04861821622005404,0.0
"[45.0, 125.0, 75.0, 155.0]",-0.01,0.0,0.2009876918055089,0.0
"[125.0, 5.0, 155.0, 35.0]",0.0,0.0,0.0,0.0
"[125.0, 45.0, 155.0, 75.0]",0.0,0.0,0.0,-0.01
"[85.0, 125.0, 115.0, 155.0]",0.5911798255774505,0.0,0.0,0.0
"[125.0, 125.0, 155.0, 155.0]",0.0,0.0,0.0,0.0007057254609
"[125.0, 85.0, 155.0, 115.0]",0.0,2.4057810000000004e-06,0.0,0.0
******,0.0,0.0,0.0,0.0
"[5.0, 5.0, 35.0, 35.0]",0.0,0.00017507951514333386,0.0,0.0
"[5.0, 45.0, 35.0, 75.0]",0.0,0.0014035806408324246,0.0,0.0
"[5.0, 85.0, 35.0, 115.0]",0.0,0.009343210981374387,-0.01,0.0
"[45.0, 5.0, 75.0, 35.0]",0.0,0.0,0.0,0.0
"[45.0, 45.0, 75.0, 75.0]",0.0,-0.01,-0.01,0.0
terminal,0.0,0.0,0.0,0.0
"[85.0, 5.0, 115.0, 35.0]",0.0,-0.01,0.0,0.0
"[5.0, 125.0, 35.0, 155.0]",0.0,0.0,0.04994092328410308,0.0
"[45.0, 125.0, 75.0, 155.0]",-0.01,0.0,0.20429843331765088,0.0
"[125.0, 5.0, 155.0, 35.0]",0.0,0.0,0.0,0.0
"[125.0, 45.0, 155.0, 75.0]",0.0,0.0,0.0,-0.01
"[85.0, 125.0, 115.0, 155.0]",0.595268027321676,0.0,0.0,0.0
"[125.0, 125.0, 155.0, 155.0]",0.0,0.0,0.0,0.0007057254609
"[125.0, 85.0, 155.0, 115.0]",0.0,2.4057810000000004e-06,0.0,0.0
******,0.0,0.0,0.0,0.0
"[5.0, 5.0, 35.0, 35.0]",0.0,0.00018596094575939234,0.0,0.0
"[5.0, 45.0, 35.0, 75.0]",0.0,0.0014736337332564699,0.0,0.0
"[5.0, 85.0, 35.0, 115.0]",0.0,0.009699247181117572,-0.01,0.0
"[45.0, 5.0, 75.0, 35.0]",0.0,0.0,0.0,0.0
"[45.0, 45.0, 75.0, 75.0]",0.0,-0.01,-0.01,0.0
terminal,0.0,0.0,0.0,0.0
"[85.0, 5.0, 115.0, 35.0]",0.0,-0.01,0.0,0.0
"[5.0, 125.0, 35.0, 155.0]",0.0,0.0,0.05128019995112091,0.0
"[45.0, 125.0, 75.0, 155.0]",-0.01,0.0,0.20761286123036946,0.0
"[125.0, 5.0, 155.0, 35.0]",0.0,0.0,0.0,0.0
"[125.0, 45.0, 155.0, 75.0]",0.0,0.0,0.0,-0.01
"[85.0, 125.0, 115.0, 155.0]",0.5993153470484593,0.0,0.0,0.0
"[125.0, 125.0, 155.0, 155.0]",0.0,0.0,0.0,0.0007057254609
"[125.0, 85.0, 155.0, 115.0]",0.0,2.4057810000000004e-06,0.0,0.0
******,0.0,0.0,0.0,0.0
"[5.0, 5.0, 35.0, 35.0]",0.0,0.00019736403990110665,0.0,0.0
"[5.0, 45.0, 35.0, 75.0]",0.0,0.0015461906205539633,0.0,0.0
"[5.0, 85.0, 35.0, 115.0]",0.0,0.010063776508866484,-0.01,0.0
"[45.0, 5.0, 75.0, 35.0]",0.0,0.0,0.0,0.0
"[45.0, 45.0, 75.0, 75.0]",0.0,-0.01,-0.01,0.0
terminal,0.0,0.0,0.0,0.0
"[85.0, 5.0, 115.0, 35.0]",0.0,-0.01,0.0,0.0
"[5.0, 125.0, 35.0, 155.0]",0.0,0.0,0.05263591370268303,0.0
"[45.0, 125.0, 75.0, 155.0]",-0.01,0.0,0.2109305707415019,0.0
"[125.0, 5.0, 155.0, 35.0]",0.0,0.0,0.0,0.0
"[125.0, 45.0, 155.0, 75.0]",0.0,0.0,0.0,-0.01
"[85.0, 125.0, 115.0, 155.0]",0.6033221935779748,0.0,0.0,0.0
"[125.0, 125.0, 155.0, 155.0]",0.0,0.0,0.0,0.0007057254609
"[125.0, 85.0, 155.0, 115.0]",0.0,2.4057810000000004e-06,0.0,0.0
******,0.0,0.0,0.0,0.0
"[5.0, 5.0, 35.0, 35.0]",0.0,0.00020930611508708125,0.0,0.0
"[5.0, 45.0, 35.0, 75.0]",0.0,0.001621302702928222,0.0,0.0
"[5.0, 85.0, 35.0, 115.0]",0.0,0.010436861967101967,-0.01,0.0
"[45.0, 5.0, 75.0, 35.0]",0.0,0.0,0.0,0.0
"[45.0, 45.0, 75.0, 75.0]",0.0,-0.01,-0.01,0.0
terminal,0.0,0.0,0.0,0.0
"[85.0, 5.0, 115.0, 35.0]",0.0,-0.01,0.0,0.0
"[5.0, 125.0, 35.0, 155.0]",0.0,0.0,0.05400792970232972,0.0
"[45.0, 125.0, 75.0, 155.0]",-0.01,0.0,0.21425116477628867,0.0
"[125.0, 5.0, 155.0, 35.0]",0.0,0.0,0.0,0.0
"[125.0, 45.0, 155.0, 75.0]",0.0,0.0,0.0,-0.01
"[85.0, 125.0, 115.0, 155.0]",0.6072889716421951,0.0,0.0,0.0
"[125.0, 125.0, 155.0, 155.0]",0.0,0.0,0.0,0.0007057254609
"[125.0, 85.0, 155.0, 115.0]",0.0,2.4057810000000004e-06,0.0,0.0
******,0.0,0.0,0.0,0.0
"[5.0, 5.0, 35.0, 35.0]",0.0,0.00022180477826256445,0.0,0.0
"[5.0, 45.0, 35.0, 75.0]",0.0,0.0016990214336028574,0.0,0.0
"[5.0, 85.0, 35.0, 115.0]",0.0,0.010818564714751915,-0.01,0.0
"[45.0, 5.0, 75.0, 35.0]",0.0,0.0,0.0,0.0
"[45.0, 45.0, 75.0, 75.0]",0.0,-0.01,-0.01,0.0
terminal,0.0,0.0,0.0,0.0
"[85.0, 5.0, 115.0, 35.0]",0.0,-0.01,0.0,0.0
"[5.0, 125.0, 35.0, 155.0]",0.0,0.0,0.05539611088829302,0.0
"[45.0, 125.0, 75.0, 155.0]",-0.01,0.0,0.21757425387330553,0.0
"[125.0, 5.0, 155.0, 35.0]",0.0,0.0,0.0,0.0
"[125.0, 45.0, 155.0, 75.0]",0.0,0.0,0.0,-0.01
"[85.0, 125.0, 115.0, 155.0]",0.6112160819257731,0.0,0.0,0.0
"[125.0, 125.0, 155.0, 155.0]",0.0,0.0,0.0,0.0007057254609
"[125.0, 85.0, 155.0, 115.0]",0.0,2.4057810000000004e-06,0.0,0.0
